date,side,code,name,market_price,execution_price,shares,market_notional,fixed_fee,slippage_cost,impact_cost,premium_cost,total_cost
2025-01-02,buy,513520.XSHG,日经ETF华夏,1.461,1.4634837,6800,9934.800000000001,5,4.9674000000000005,1.9869600000000003,9.934800000000001,21.889160000000004
2025-01-03,sell,513520.XSHG,日经ETF华夏,1.476,1.4734908,6800,10036.8,5,5.0184,2.00736,10.0368,22.062559999999998
2025-01-03,buy,159529.XSHE,标普消费ETF景顺,1.547,1.5496299,6400,9900.8,5,4.9504,1.98016,9.9008,21.83136
2025-01-06,sell,159529.XSHE,标普消费ETF景顺,1.512,1.5094296,6400,9676.8,5,4.8384,1.93536,9.6768,21.45056
2025-01-06,buy,501018.XSHG,南方原油LOF,1.282,1.2841794,7600,9743.2,5,4.871600000000001,1.9486400000000001,9.743200000000002,21.563440000000003
2025-01-07,sell,501018.XSHG,南方原油LOF,1.272,1.2698376,7600,9667.2,5,4.833600000000001,1.9334400000000003,9.667200000000001,21.434240000000003
2025-01-07,buy,159509.XSHE,纳指科技ETF景顺,1.688,1.6908696,5700,9621.6,5,4.8108,1.9243200000000003,9.6216,21.356720000000003
2025-01-08,sell,159509.XSHE,纳指科技ETF景顺,1.635,1.6322204999999999,5700,9319.5,5,4.65975,1.8639000000000001,9.3195,20.84315
2025-01-08,buy,501018.XSHG,南方原油LOF,1.285,1.2871845,7200,9252.0,5,4.626,1.8504,9.252,20.7284
2025-01-09,sell,501018.XSHG,南方原油LOF,1.273,1.2708358999999998,7200,9165.599999999999,5,4.5828,1.8331199999999999,9.1656,20.581519999999998
2025-01-09,buy,159509.XSHE,纳指科技ETF景顺,1.639,1.6417863000000001,5600,9178.4,5,4.5892,1.83568,9.1784,20.603279999999998
2025-01-10,sell,159509.XSHE,纳指科技ETF景顺,1.63,1.6272289999999998,5600,9128.0,5,4.564,1.8256000000000001,9.128,20.5176
2025-01-10,buy,501018.XSHG,南方原油LOF,1.286,1.2881862000000002,7000,9002.0,5,4.501,1.8004,9.002,20.303400000000003
2025-01-14,sell,501018.XSHG,南方原油LOF,1.346,1.3437118000000001,7000,9422.0,5,4.711,1.8844,9.422,21.017400000000002
2025-01-14,buy,513310.XSHG,中韩半导体ETF华泰柏瑞,1.47,1.472499,6400,9408.0,5,4.704,1.8816000000000002,9.408,20.9936
2025-01-15,sell,513310.XSHG,中韩半导体ETF华泰柏瑞,1.497,1.4944551000000001,6400,9580.800000000001,5,4.790400000000001,1.9161600000000003,9.580800000000002,21.287360000000003
2025-01-15,buy,159518.XSHE,标普油气ETF嘉实,1.144,1.1459447999999999,8300,9495.199999999999,5,4.747599999999999,1.8990399999999998,9.495199999999999,21.141839999999995
2025-01-17,sell,159518.XSHE,标普油气ETF嘉实,1.206,1.2039498,8300,10009.8,5,5.0049,2.00196,10.0098,22.01666
2025-01-17,buy,501018.XSHG,南方原油LOF,1.346,1.3482882,7400,9960.400000000001,5,4.980200000000001,1.9920800000000003,9.960400000000002,21.93268
2025-01-20,sell,501018.XSHG,南方原油LOF,1.337,1.3347270999999998,7400,9893.8,5,4.946899999999999,1.9787599999999999,9.893799999999999,21.81946
2025-01-20,buy,520830.XSHG,沙特ETF华泰柏瑞,1.194,1.1960298,8300,9910.199999999999,5,4.9551,1.9820399999999998,9.9102,21.84734
2025-01-22,sell,520830.XSHG,沙特ETF华泰柏瑞,1.215,1.2129345,8300,10084.5,5,5.04225,2.0169,10.0845,22.14365
2025-01-22,buy,513030.XSHG,德国ETF华安,1.778,1.7810226,5600,9956.8,5,4.9784,1.99136,9.9568,21.926560000000002
2025-01-24,sell,513030.XSHG,德国ETF华安,1.869,1.8658226999999998,5600,10466.4,5,5.2332,2.09328,10.4664,22.79288
2025-01-24,buy,501018.XSHG,南方原油LOF,1.3,1.30221,8100,10530.0,5,5.265,2.1060000000000003,10.53,22.901
2025-02-05,sell,501018.XSHG,南方原油LOF,1.298,1.2957934,8100,10513.800000000001,5,5.256900000000001,2.1027600000000004,10.513800000000002,22.87346
2025-02-05,buy,159985.XSHE,豆粕ETF华夏,1.968,1.9713456,5300,10430.4,5,5.2152,2.08608,10.4304,22.731679999999997
2025-02-10,sell,159985.XSHE,豆粕ETF华夏,1.995,1.9916085000000001,5300,10573.5,5,5.2867500000000005,2.1147,10.573500000000001,22.97495
2025-02-10,buy,562500.XSHG,机器人ETF华夏,0.895,0.8965215000000001,11800,10561.0,5,5.2805,2.1122,10.561,22.953699999999998
2025-02-13,sell,562500.XSHG,机器人ETF华夏,0.916,0.9144428,11800,10808.800000000001,5,5.404400000000001,2.16176,10.808800000000002,23.37496
2025-02-13,buy,159998.XSHE,计算机ETF天弘,1.008,1.0097136,10700,10785.6,5,5.3928,2.1571200000000004,10.7856,23.335520000000002
2025-02-14,sell,159998.XSHE,计算机ETF天弘,0.989,0.9873187,10700,10582.3,5,5.29115,2.11646,10.5823,22.989910000000002
2025-02-14,buy,159851.XSHE,金融科技ETF华宝,0.776,0.7773192000000001,13500,10476.0,5,5.238,2.0952,10.476,22.8092
2025-02-17,sell,159851.XSHE,金融科技ETF华宝,0.815,0.8136144999999999,13500,11002.5,5,5.50125,2.2005,11.0025,23.70425
2025-02-17,buy,510900.XSHG,恒生中国企业ETF易方达,1.09,1.0918530000000002,10100,11009.0,5,5.5045,2.2018,11.009,23.7153
2025-02-18,sell,510900.XSHG,恒生中国企业ETF易方达,1.089,1.0871487,10100,10998.9,5,5.4994499999999995,2.19978,10.998899999999999,23.69813
2025-02-18,buy,588220.XSHG,科创100ETF鹏华,0.973,0.9746541,11200,10897.6,5,5.4488,2.17952,10.8976,23.52592
2025-02-19,sell,588220.XSHG,科创100ETF鹏华,0.958,0.9563714,11200,10729.6,5,5.364800000000001,2.1459200000000003,10.729600000000001,23.240320000000004
2025-02-19,buy,159732.XSHE,消费电子ETF华夏,0.87,0.871479,12300,10701.0,5,5.3505,2.1402,10.701,23.1917
2025-02-20,sell,159732.XSHE,消费电子ETF华夏,0.9,0.89847,12300,11070.0,5,5.535,2.214,11.07,23.819000000000003
2025-02-20,buy,513120.XSHG,港股创新药ETF广发,0.817,0.8183889,13500,11029.5,5,5.51475,2.2059,11.0295,23.750149999999998
2025-02-21,sell,513120.XSHG,港股创新药ETF广发,0.84,0.838572,13500,11340.0,5,5.67,2.2680000000000002,11.34,24.278
2025-02-21,buy,512170.XSHG,医疗ETF华宝,0.361,0.3616137,31300,11299.3,5,5.649649999999999,2.2598599999999998,11.299299999999999,24.20881
2025-02-25,sell,512170.XSHG,医疗ETF华宝,0.35,0.34940499999999997,31300,10955.0,5,5.4775,2.1910000000000003,10.955,23.6235
2025-02-25,buy,588220.XSHG,科创100ETF鹏华,1.03,1.031751,10600,10918.0,5,5.4590000000000005,2.1836,10.918000000000001,23.5606
2025-02-28,sell,588220.XSHG,科创100ETF鹏华,1.053,1.0512099,10600,11161.8,5,5.5809,2.23236,11.1618,23.97506
2025-02-28,buy,159667.XSHE,工业母机ETF国泰,0.398,0.39867660000000005,27900,11104.2,5,5.5521,2.2208400000000004,11.1042,23.87714
2025-03-03,sell,159667.XSHE,工业母机ETF国泰,0.381,0.3803523,27900,10629.9,5,5.31495,2.12598,10.6299,23.07083
2025-03-03,buy,159985.XSHE,豆粕ETF华夏,2.002,2.0054034,5300,10610.599999999999,5,5.305299999999999,2.12212,10.610599999999998,23.038019999999996
2025-03-05,sell,159985.XSHE,豆粕ETF华夏,2.0,1.9966,5300,10600.0,5,5.3,2.12,10.6,23.020000000000003
2025-03-05,buy,511880.XSHG,银华日利ETF,99.127,99.2955159,100,9912.699999999999,5,4.95635,1.98254,9.9127,21.85159
2025-03-06,sell,511880.XSHG,银华日利ETF,99.134,98.9654722,100,9913.4,5,4.9567,1.98268,9.9134,21.85278
2025-03-06,buy,518880.XSHG,黄金ETF华安,6.53,6.541101,1600,10448.0,5,5.224,2.0896,10.448,22.7616
2025-03-07,sell,518880.XSHG,黄金ETF华安,6.506,6.4949398,1600,10409.6,5,5.2048000000000005,2.08192,10.409600000000001,22.69632
2025-03-07,buy,513330.XSHG,恒生互联网ETF华夏,0.554,0.5549418,18800,10415.2,5,5.2076,2.0830400000000004,10.4152,22.705840000000002
2025-03-10,sell,513330.XSHG,恒生互联网ETF华夏,0.557,0.5560531000000001,18800,10471.6,5,5.2358,2.09432,10.4716,22.801720000000003
2025-03-10,buy,513180.XSHG,恒生科技ETF华夏,0.825,0.8264024999999999,12600,10395.0,5,5.1975,2.079,10.395,22.6715
2025-03-11,sell,513180.XSHG,恒生科技ETF华夏,0.794,0.7926502,12600,10004.4,5,5.0022,2.00088,10.0044,22.00748
2025-03-11,buy,159892.XSHE,恒生医药ETF华夏,0.56,0.5609520000000001,17800,9968.000000000002,5,4.984000000000001,1.9936000000000005,9.968000000000002,21.945600000000006
2025-03-13,sell,159892.XSHE,恒生医药ETF华夏,0.567,0.5660360999999999,17800,10092.599999999999,5,5.0463,2.0185199999999996,10.0926,22.157419999999995
2025-03-13,buy,159323.XSHE,港股通汽车ETF华夏,1.3,1.30221,7700,10010.0,5,5.005,2.0020000000000002,10.01,22.017
2025-03-14,sell,159323.XSHE,港股通汽车ETF华夏,1.291,1.2888053,7700,9940.699999999999,5,4.97035,1.9881399999999998,9.9407,21.899189999999997
2025-03-14,buy,159980.XSHE,有色ETF大成,1.777,1.7800209,5600,9951.199999999999,5,4.975599999999999,1.9902399999999998,9.951199999999998,21.91704
2025-03-17,sell,159980.XSHE,有色ETF大成,1.755,1.7520164999999999,5600,9828.0,5,4.914,1.9656,9.828,21.7076
2025-03-17,buy,159323.XSHE,港股通汽车ETF华夏,1.31,1.312227,7400,9694.0,5,4.847,1.9388,9.694,21.479800000000004
2025-03-24,sell,159323.XSHE,港股通汽车ETF华夏,1.268,1.2658444,7400,9383.2,5,4.6916,1.8766400000000003,9.3832,20.95144
2025-03-24,buy,518880.XSHG,黄金ETF华安,6.77,6.781509,1300,8801.0,5,4.4005,1.7602,8.801,19.9617
2025-03-25,sell,518880.XSHG,黄金ETF华安,6.758,6.7465114,1300,8785.4,5,4.3927,1.75708,8.7854,19.93518
2025-03-25,buy,513030.XSHG,德国ETF华安,1.788,1.7910396000000002,5200,9297.6,5,4.6488000000000005,1.85952,9.297600000000001,20.80592
2025-03-26,sell,513030.XSHG,德国ETF华安,1.81,1.806923,5200,9412.0,5,4.706,1.8824,9.412,21.0004
2025-03-26,buy,159980.XSHE,有色ETF大成,1.773,1.7760141,5300,9396.9,5,4.69845,1.87938,9.3969,20.97473
2025-03-27,sell,159980.XSHE,有色ETF大成,1.752,1.7490215999999998,5300,9285.6,5,4.6428,1.85712,9.2856,20.78552
2025-03-27,buy,513030.XSHG,德国ETF华安,1.771,1.7740107,5200,9209.199999999999,5,4.6046,1.84184,9.2092,20.65564
2025-03-28,sell,513030.XSHG,德国ETF华安,1.749,1.7460267,5200,9094.800000000001,5,4.5474000000000006,1.8189600000000004,9.094800000000001,20.46116
2025-03-28,buy,159980.XSHE,有色ETF大成,1.744,1.7469648,5200,9068.8,5,4.5344,1.81376,9.0688,20.41696
2025-03-31,sell,159980.XSHE,有色ETF大成,1.741,1.7380403,5200,9053.2,5,4.5266,1.8106400000000002,9.0532,20.39044
2025-03-31,buy,161226.XSHE,国投白银LOF,0.991,0.9926847,9100,9018.1,5,4.50905,1.8036200000000002,9.0181,20.33077
2025-04-01,sell,161226.XSHE,国投白银LOF,0.987,0.9853221,9100,8981.7,5,4.490850000000001,1.7963400000000003,8.981700000000002,20.268890000000006
2025-04-02,buy,520830.XSHG,沙特ETF华泰柏瑞,1.059,1.0608003,8500,9001.5,5,4.50075,1.8003,9.0015,20.30255
2025-04-03,sell,520830.XSHG,沙特ETF华泰柏瑞,1.052,1.0502116,8500,8942.0,5,4.471,1.7884,8.942,20.2014
2025-04-03,buy,518880.XSHG,黄金ETF华安,7.135,7.1471295,1200,8562.0,5,4.281,1.7124000000000001,8.562,19.5554
2025-04-08,sell,518880.XSHG,黄金ETF华安,6.878,6.8663074,1200,8253.6,5,4.1268,1.6507200000000002,8.2536,19.03112
2025-04-11,buy,518880.XSHG,黄金ETF华安,7.34,7.3524780000000005,1100,8074.0,5,4.037,1.6148,8.074,18.7258
2025-04-23,sell,518880.XSHG,黄金ETF华安,7.759,7.7458097,1100,8534.9,5,4.26745,1.70698,8.5349,19.50933
2025-04-23,buy,159865.XSHE,养殖ETF国泰,0.596,0.5970132,15100,8999.6,5,4.4998000000000005,1.7999200000000002,8.999600000000001,20.29932
2025-04-25,sell,159865.XSHE,养殖ETF国泰,0.591,0.5899953,15100,8924.1,5,4.4620500000000005,1.78482,8.924100000000001,20.170970000000004
2025-04-29,buy,518880.XSHG,黄金ETF华安,7.561,7.5738537,1100,8317.1,5,4.15855,1.6634200000000001,8.3171,19.13907
2025-05-09,sell,518880.XSHG,黄金ETF华安,7.502,7.4892465999999995,1100,8252.199999999999,5,4.126099999999999,1.65044,8.252199999999998,19.02874
2025-05-09,buy,513030.XSHG,德国ETF华安,1.851,1.8541467,4700,8699.7,5,4.349850000000001,1.7399400000000003,8.699700000000002,19.78949
2025-05-12,sell,513030.XSHG,德国ETF华安,1.88,1.876804,4700,8836.0,5,4.418,1.7672,8.836,20.0212
2025-05-12,buy,513520.XSHG,日经ETF华夏,1.449,1.4514633000000001,6100,8838.9,5,4.41945,1.76778,8.8389,20.026130000000002
2025-05-13,sell,513520.XSHG,日经ETF华夏,1.452,1.4495315999999998,6100,8857.199999999999,5,4.428599999999999,1.77144,8.857199999999999,20.05724
2025-05-13,buy,513030.XSHG,德国ETF华安,1.883,1.8862011,4700,8850.1,5,4.425050000000001,1.7700200000000001,8.850100000000001,20.045170000000002
2025-05-19,sell,513030.XSHG,德国ETF华安,1.865,1.8618295,4700,8765.5,5,4.38275,1.7531,8.7655,19.90135
2025-05-19,buy,513750.XSHG,港股通非银ETF广发,1.299,1.3012082999999999,6700,8703.3,5,4.351649999999999,1.7406599999999999,8.703299999999999,19.795609999999996
2025-05-26,sell,513750.XSHG,港股通非银ETF广发,1.306,1.3037798,6700,8750.2,5,4.375100000000001,1.7500400000000003,8.750200000000001,19.87534
2025-05-26,buy,159529.XSHE,标普消费ETF景顺,1.585,1.5876945,5500,8717.5,5,4.35875,1.7435,8.7175,19.81975
2025-05-28,sell,159529.XSHE,标普消费ETF景顺,1.616,1.6132528000000002,5500,8888.0,5,4.444,1.7776,8.888,20.1096
2025-05-28,buy,159509.XSHE,纳指科技ETF景顺,1.537,1.5396129,5700,8760.9,5,4.38045,1.75218,8.7609,19.89353
2025-05-29,sell,159509.XSHE,纳指科技ETF景顺,1.567,1.5643360999999998,5700,8931.9,5,4.46595,1.78638,8.9319,20.18423
2025-05-29,buy,159529.XSHE,标普消费ETF景顺,1.618,1.6207506000000003,5500,8899.0,5,4.4495000000000005,1.7798,8.899000000000001,20.128300000000003
2025-06-03,sell,159529.XSHE,标普消费ETF景顺,1.571,1.5683292999999998,5500,8640.5,5,4.32025,1.7281000000000002,8.6405,19.68885
2025-06-03,buy,159509.XSHE,纳指科技ETF景顺,1.55,1.5526350000000002,5600,8680.0,5,4.34,1.736,8.68,19.756
2025-06-05,sell,159509.XSHE,纳指科技ETF景顺,1.562,1.5593446,5600,8747.2,5,4.373600000000001,1.7494400000000003,8.747200000000001,19.870240000000003
2025-06-05,buy,513120.XSHG,港股创新药ETF广发,1.082,1.0838394,8000,8656.0,5,4.328,1.7312,8.656,19.7152
2025-06-10,sell,513120.XSHG,港股创新药ETF广发,1.136,1.1340687999999999,8000,9088.0,5,4.5440000000000005,1.8176,9.088000000000001,20.449600000000004
2025-06-10,buy,159892.XSHE,恒生医药ETF华夏,0.725,0.7262325,12500,9062.5,5,4.53125,1.8125,9.0625,20.40625
2025-06-11,sell,159892.XSHE,恒生医药ETF华夏,0.745,0.7437334999999999,12500,9312.5,5,4.65625,1.8625,9.3125,20.83125
2025-06-11,buy,515120.XSHG,创新药ETF广发,0.613,0.6140421,15200,9317.6,5,4.6588,1.86352,9.3176,20.83992
2025-06-16,sell,515120.XSHG,创新药ETF广发,0.611,0.6099612999999999,15200,9287.199999999999,5,4.643599999999999,1.85744,9.287199999999999,20.78824
2025-06-16,buy,161226.XSHE,国投白银LOF,1.02,1.0217340000000001,9000,9180.0,5,4.59,1.836,9.18,20.606
2025-06-20,sell,161226.XSHE,国投白银LOF,1.019,1.0172676999999999,9000,9171.0,5,4.5855,1.8342,9.171,20.5907
2025-06-20,buy,159518.XSHE,标普油气ETF嘉实,0.945,0.9466065,9700,9166.5,5,4.5832500000000005,1.8333000000000002,9.166500000000001,20.58305
2025-06-25,sell,159518.XSHE,标普油气ETF嘉实,0.903,0.9014649,9700,8759.1,5,4.37955,1.7518200000000002,8.7591,19.89047
2025-06-25,buy,513120.XSHG,港股创新药ETF广发,1.17,1.171989,7400,8658.0,5,4.329,1.7316,8.658,19.718600000000002
2025-06-27,sell,513120.XSHG,港股创新药ETF广发,1.135,1.1330704999999999,7400,8399.0,5,4.1995000000000005,1.6798000000000002,8.399000000000001,19.2783
2025-06-27,buy,513750.XSHG,港股通非银ETF广发,1.52,1.5225840000000002,5500,8360.0,5,4.18,1.6720000000000002,8.36,19.212
2025-06-30,sell,513750.XSHG,港股通非银ETF广发,1.5,1.49745,5500,8250.0,5,4.125,1.6500000000000001,8.25,19.025
2025-06-30,buy,159851.XSHE,金融科技ETF华宝,0.829,0.8304093,10000,8290.0,5,4.1450000000000005,1.6580000000000001,8.290000000000001,19.093
2025-07-01,sell,159851.XSHE,金融科技ETF华宝,0.84,0.838572,10000,8400.0,5,4.2,1.6800000000000002,8.4,19.28
2025-07-01,buy,513090.XSHG,香港证券ETF易方达,1.842,1.8451314,4500,8289.0,5,4.1445,1.6578000000000002,8.289,19.0913
2025-07-03,sell,513090.XSHG,香港证券ETF易方达,1.831,1.8278873,4500,8239.5,5,4.11975,1.6479000000000001,8.2395,19.00715
2025-07-03,buy,159851.XSHE,金融科技ETF华宝,0.798,0.7993566000000001,10400,8299.2,5,4.1496,1.6598400000000002,8.2992,19.10864
2025-07-07,sell,159851.XSHE,金融科技ETF华宝,0.814,0.8126161999999999,10400,8465.599999999999,5,4.232799999999999,1.6931199999999997,8.465599999999998,19.39152
2025-07-07,buy,515880.XSHG,通信ETF国泰,0.238,0.2384046,35400,8425.199999999999,5,4.212599999999999,1.6850399999999999,8.425199999999998,19.32284
2025-07-08,sell,515880.XSHG,通信ETF国泰,0.237,0.23659709999999998,35400,8389.8,5,4.1949,1.67796,8.3898,19.26266
2025-07-08,buy,513090.XSHG,香港证券ETF易方达,1.889,1.8922113,4400,8311.6,5,4.1558,1.6623200000000002,8.3116,19.12972
2025-07-10,sell,513090.XSHG,香港证券ETF易方达,1.936,1.9327088,4400,8518.4,5,4.2592,1.70368,8.5184,19.481279999999998
2025-07-10,buy,159851.XSHE,金融科技ETF华宝,0.839,0.8404263,10100,8473.9,5,4.23695,1.69478,8.4739,19.405630000000002
2025-07-15,sell,159851.XSHE,金融科技ETF华宝,0.842,0.8405685999999999,10100,8504.199999999999,5,4.2520999999999995,1.70084,8.504199999999999,19.457139999999995
2025-07-15,buy,515050.XSHG,通信ETF华夏,0.411,0.4116987,20700,8507.699999999999,5,4.25385,1.7015399999999998,8.5077,19.46309
2025-07-21,sell,515050.XSHG,通信ETF华夏,0.439,0.43825369999999997,20700,9087.3,5,4.5436499999999995,1.8174599999999999,9.087299999999999,20.44841
2025-07-21,buy,159363.XSHE,创业板人工智能ETF华宝,0.595,0.5960115,15200,9044.0,5,4.522,1.8088000000000002,9.044,20.3748
2025-07-22,sell,159363.XSHE,创业板人工智能ETF华宝,0.594,0.5929901999999999,15200,9028.8,5,4.514399999999999,1.80576,9.028799999999999,20.348959999999998
2025-07-22,buy,159892.XSHE,恒生医药ETF华夏,0.844,0.8454348,10600,8946.4,5,4.4732,1.78928,8.9464,20.20888
2025-07-23,sell,159892.XSHE,恒生医药ETF华夏,0.849,0.8475566999999999,10600,8999.4,5,4.4997,1.79988,8.9994,20.29898
2025-07-23,buy,516150.XSHG,稀土ETF嘉实,1.358,1.3603086000000002,6600,8962.800000000001,5,4.481400000000001,1.7925600000000004,8.962800000000001,20.236760000000004
2025-07-24,sell,516150.XSHG,稀土ETF嘉实,1.36,1.357688,6600,8976.0,5,4.488,1.7952000000000001,8.976,20.2592
2025-07-24,buy,562800.XSHG,稀有金属ETF嘉实,0.614,0.6150438,14600,8964.4,5,4.4822,1.79288,8.9644,20.23948
2025-07-25,sell,562800.XSHG,稀有金属ETF嘉实,0.658,0.6568814000000001,14600,9606.800000000001,5,4.803400000000001,1.9213600000000004,9.606800000000002,21.331560000000003
2025-07-25,buy,560860.XSHG,工业有色ETF万家,1.036,1.0377612,9200,9531.2,5,4.7656,1.9062400000000002,9.5312,21.20304
2025-07-29,sell,560860.XSHG,工业有色ETF万家,1.034,1.0322422,9200,9512.800000000001,5,4.756400000000001,1.9025600000000003,9.512800000000002,21.171760000000003
2025-07-29,buy,515120.XSHG,创新药ETF广发,0.686,0.6871662000000001,13800,9466.800000000001,5,4.7334000000000005,1.8933600000000004,9.466800000000001,21.093560000000004
2025-07-31,sell,515120.XSHG,创新药ETF广发,0.694,0.6928201999999999,13800,9577.199999999999,5,4.7886,1.9154399999999998,9.5772,21.281239999999997
2025-07-31,buy,159992.XSHE,创新药ETF银华,0.928,0.9295776000000001,10300,9558.4,5,4.7792,1.91168,9.5584,21.24928
2025-08-01,sell,159992.XSHE,创新药ETF银华,0.918,0.9164394,10300,9455.4,5,4.7277,1.89108,9.4554,21.07418
2025-08-01,buy,159509.XSHE,纳指科技ETF景顺,1.773,1.7760141,5300,9396.9,5,4.69845,1.87938,9.3969,20.97473
2025-08-05,sell,159509.XSHE,纳指科技ETF景顺,1.787,1.7839620999999999,5300,9471.1,5,4.73555,1.8942200000000002,9.4711,21.10087
2025-08-05,buy,501018.XSHG,南方原油LOF,1.227,1.2290859,7700,9447.900000000001,5,4.723950000000001,1.8895800000000005,9.447900000000002,21.061430000000005
2025-08-06,sell,501018.XSHG,南方原油LOF,1.225,1.2229175,7700,9432.5,5,4.7162500000000005,1.8865,9.432500000000001,21.03525
2025-08-06,buy,159509.XSHE,纳指科技ETF景顺,1.79,1.7930430000000002,5200,9308.0,5,4.654,1.8616000000000001,9.308,20.8236
2025-08-07,sell,159509.XSHE,纳指科技ETF景顺,1.827,1.8238941,5200,9500.4,5,4.7501999999999995,1.90008,9.500399999999999,21.150679999999998
2025-08-07,buy,515050.XSHG,通信ETF华夏,0.464,0.46478880000000006,20600,9558.4,5,4.7792,1.91168,9.5584,21.24928
2025-08-11,sell,515050.XSHG,通信ETF华夏,0.459,0.4582197,20600,9455.4,5,4.7277,1.89108,9.4554,21.07418
2025-08-11,buy,159509.XSHE,纳指科技ETF景顺,1.84,1.843128,5100,9384.0,5,4.692,1.8768,9.384,20.9528
2025-08-12,sell,159509.XSHE,纳指科技ETF景顺,1.852,1.8488516,5100,9445.2,5,4.722600000000001,1.8890400000000003,9.445200000000002,21.05684
2025-08-12,buy,159892.XSHE,恒生医药ETF华夏,0.891,0.8925147,10600,9444.6,5,4.722300000000001,1.8889200000000002,9.444600000000001,21.055820000000004
2025-08-14,sell,159892.XSHE,恒生医药ETF华夏,0.924,0.9224292000000001,10600,9794.4,5,4.8972,1.95888,9.7944,21.65048
2025-08-14,buy,159583.XSHE,通信ETF富国,0.818,0.8193906,11900,9734.199999999999,5,4.8671,1.94684,9.7342,21.54814
2025-08-19,sell,159583.XSHE,通信ETF富国,0.845,0.8435634999999999,11900,10055.5,5,5.02775,2.0111,10.0555,22.09435
2025-08-19,buy,159363.XSHE,创业板人工智能ETF华宝,0.714,0.7152138,14000,9996.0,5,4.998,1.9992,9.996,21.9932
2025-08-20,sell,159363.XSHE,创业板人工智能ETF华宝,0.717,0.7157811,14000,10038.0,5,5.019,2.0076,10.038,22.0646
2025-08-20,buy,588790.XSHG,科创AIETF博时,0.696,0.6971832,14400,10022.4,5,5.0112,2.00448,10.0224,22.03808
2025-08-21,sell,588790.XSHG,科创AIETF博时,0.731,0.7297572999999999,14400,10526.4,5,5.2632,2.10528,10.5264,22.89488
2025-08-21,buy,159819.XSHE,人工智能ETF易方达,1.235,1.2370995000000002,8400,10374.0,5,5.187,2.0748,10.374,22.635800000000003
2025-08-22,sell,159819.XSHE,人工智能ETF易方达,1.229,1.2269107000000001,8400,10323.6,5,5.1618,2.0647200000000003,10.3236,22.55012
2025-08-22,buy,588200.XSHG,科创芯片ETF嘉实,0.623,0.6240591,16600,10341.8,5,5.1709,2.0683599999999998,10.3418,22.58106
2025-08-25,sell,588200.XSHG,科创芯片ETF嘉实,0.706,0.7047998,16600,11719.599999999999,5,5.859799999999999,2.34392,11.719599999999998,24.923319999999997
2025-08-25,buy,588220.XSHG,科创100ETF鹏华,1.289,1.2911913,9000,11601.0,5,5.8005,2.3202000000000003,11.601,24.7217
2025-08-26,sell,588220.XSHG,科创100ETF鹏华,1.283,1.2808188999999999,9000,11547.0,5,5.7735,2.3094,11.547,24.6299
2025-08-26,buy,159949.XSHE,创业板50ETF华安,1.261,1.2631436999999999,9200,11601.199999999999,5,5.800599999999999,2.32024,11.601199999999999,24.72204
2025-08-27,sell,159949.XSHE,创业板50ETF华安,1.257,1.2548631,9200,11564.4,5,5.7822,2.31288,11.5644,24.65948
2025-08-27,buy,159915.XSHE,创业板ETF易方达,2.716,2.7206172000000004,4200,11407.2,5,5.703600000000001,2.2814400000000004,11.407200000000001,24.39224
2025-08-28,sell,159915.XSHE,创业板ETF易方达,2.68,2.675444,4200,11256.0,5,5.628,2.2512000000000003,11.256,24.1352
2025-08-28,buy,159667.XSHE,工业母机ETF国泰,0.459,0.45978030000000003,24600,11291.4,5,5.6457,2.25828,11.2914,24.19538
2025-08-29,sell,159667.XSHE,工业母机ETF国泰,0.469,0.46820269999999997,24600,11537.4,5,5.7687,2.30748,11.5374,24.61358
2025-08-29,buy,516520.XSHG,智能驾驶ETF华泰柏瑞,1.275,1.2771675,9000,11475.0,5,5.7375,2.295,11.475,24.5075
2025-09-01,sell,516520.XSHG,智能驾驶ETF华泰柏瑞,1.278,1.2758274,9000,11502.0,5,5.751,2.3004000000000002,11.502,24.553400000000003
2025-09-01,buy,159667.XSHE,工业母机ETF国泰,0.478,0.4788126,24000,11472.0,5,5.736,2.2944,11.472,24.5024
2025-09-02,sell,159667.XSHE,工业母机ETF国泰,0.493,0.4921619,24000,11832.0,5,5.916,2.3664,11.832,25.114400000000003
2025-09-02,buy,562590.XSHG,半导体设备ETF华夏,0.447,0.44775990000000004,26400,11800.800000000001,5,5.9004,2.3601600000000005,11.8008,25.06136
2025-09-03,sell,562590.XSHG,半导体设备ETF华夏,0.432,0.43126559999999997,26400,11404.8,5,5.7024,2.28096,11.4048,24.38816
2025-09-03,buy,159755.XSHE,电池ETF广发,0.851,0.8524467,13300,11318.3,5,5.6591499999999995,2.26366,11.318299999999999,24.24111
2025-09-04,sell,159755.XSHE,电池ETF广发,0.856,0.8545448,13300,11384.8,5,5.6924,2.27696,11.3848,24.35416
2025-09-04,buy,517520.XSHG,黄金股ETF永赢,1.802,1.8050634,6300,11352.6,5,5.6763,2.2705200000000003,11.3526,24.299420000000005
2025-09-05,sell,517520.XSHG,黄金股ETF永赢,1.732,1.7290556,6300,10911.6,5,5.4558,2.1823200000000003,10.9116,23.54972
2025-09-05,buy,161226.XSHE,国投白银LOF,1.123,1.1249091,9700,10893.1,5,5.44655,2.17862,10.8931,23.51827
2025-09-08,sell,161226.XSHE,国投白银LOF,1.123,1.1210909,9700,10893.1,5,5.44655,2.17862,10.8931,23.51827
2025-09-08,buy,516520.XSHG,智能驾驶ETF华泰柏瑞,1.239,1.2411063000000002,8700,10779.300000000001,5,5.3896500000000005,2.15586,10.779300000000001,23.32481
2025-09-10,sell,516520.XSHG,智能驾驶ETF华泰柏瑞,1.248,1.2458784,8700,10857.6,5,5.428800000000001,2.17152,10.857600000000001,23.45792
2025-09-10,buy,161226.XSHE,国投白银LOF,1.125,1.1269125,9600,10800.0,5,5.4,2.16,10.8,23.36
2025-09-11,sell,161226.XSHE,国投白银LOF,1.131,1.1290773,9600,10857.6,5,5.428800000000001,2.17152,10.857600000000001,23.45792
2025-09-11,buy,513310.XSHG,中韩半导体ETF华泰柏瑞,1.938,1.9412946,5600,10852.8,5,5.4264,2.17056,10.8528,23.44976
2025-09-12,sell,513310.XSHG,中韩半导体ETF华泰柏瑞,2.041,2.0375303,5600,11429.6,5,5.7148,2.2859200000000004,11.4296,24.430320000000002
2025-09-12,buy,512400.XSHG,有色金属ETF南方,1.523,1.5255891,7500,11422.5,5,5.71125,2.2845,11.4225,24.41825
2025-09-17,sell,512400.XSHG,有色金属ETF南方,1.502,1.4994466,7500,11265.0,5,5.6325,2.253,11.265,24.1505
2025-09-17,buy,561330.XSHG,矿业ETF国泰,0.74,0.741258,15100,11174.0,5,5.587,2.2348,11.174,23.9958
2025-09-19,sell,561330.XSHG,矿业ETF国泰,0.718,0.7167794,15100,10841.8,5,5.4209,2.16836,10.8418,23.43106
2025-09-19,buy,513310.XSHG,中韩半导体ETF华泰柏瑞,2.224,2.2277808,4800,10675.2,5,5.3376,2.13504,10.6752,23.147840000000002
2025-09-22,sell,513310.XSHG,中韩半导体ETF华泰柏瑞,2.186,2.1822838,4800,10492.8,5,5.2463999999999995,2.09856,10.492799999999999,22.83776
2025-09-22,buy,159583.XSHE,通信ETF富国,1.08,1.081836,9800,10584.0,5,5.292,2.1168,10.584,22.9928
2025-09-23,sell,159583.XSHE,通信ETF富国,1.111,1.1091113,9800,10887.8,5,5.4439,2.17756,10.8878,23.509259999999998
2025-09-23,buy,515880.XSHG,通信ETF国泰,0.468,0.46879560000000003,23200,10857.6,5,5.428800000000001,2.17152,10.857600000000001,23.45792
2025-09-24,sell,515880.XSHG,通信ETF国泰,0.442,0.4412486,23200,10254.4,5,5.1272,2.05088,10.2544,22.432479999999998
2025-09-24,buy,517520.XSHG,黄金股ETF永赢,1.887,1.8902079,5400,10189.8,5,5.0949,2.03796,10.1898,22.32266
2025-09-26,sell,517520.XSHG,黄金股ETF永赢,1.87,1.866821,5400,10098.0,5,5.049,2.0196,10.098,22.166600000000003
2025-09-26,buy,561980.XSHG,半导体设备ETF招商,0.41,0.410697,24500,10045.0,5,5.0225,2.009,10.045,22.076500000000003
2025-09-29,sell,561980.XSHG,半导体设备ETF招商,0.407,0.40630809999999995,24500,9971.5,5,4.98575,1.9943000000000002,9.9715,21.95155
2025-09-29,buy,588200.XSHG,科创芯片ETF嘉实,0.82,0.821394,12100,9922.0,5,4.961,1.9844000000000002,9.922,21.867400000000004
2025-10-09,sell,588200.XSHG,科创芯片ETF嘉实,0.877,0.8755090999999999,12100,10611.7,5,5.30585,2.1223400000000003,10.6117,23.03989
2025-10-09,buy,159995.XSHE,芯片ETF华夏,0.967,0.9686439,10900,10540.3,5,5.27015,2.10806,10.5403,22.91851
2025-10-10,sell,159995.XSHE,芯片ETF华夏,0.95,0.9483849999999999,10900,10355.0,5,5.1775,2.071,10.355,22.6035
2025-10-10,buy,159732.XSHE,消费电子ETF华夏,1.197,1.1990349,8600,10294.2,5,5.147100000000001,2.0588400000000004,10.294200000000002,22.500140000000002
2025-10-13,sell,159732.XSHE,消费电子ETF华夏,1.07,1.068181,8600,9202.0,5,4.601,1.8404,9.202,20.6434
2025-10-13,buy,161226.XSHE,国投白银LOF,1.29,1.2921930000000001,7100,9159.0,5,4.5795,1.8318,9.159,20.5703
2025-10-15,sell,161226.XSHE,国投白银LOF,1.36,1.357688,7100,9656.0,5,4.828,1.9312,9.656,21.4152
2025-10-15,buy,159502.XSHE,标普生物科技ETF嘉实,1.107,1.1088819,8700,9630.9,5,4.81545,1.92618,9.6309,21.37253
2025-10-16,sell,159502.XSHE,标普生物科技ETF嘉实,1.144,1.1420552,8700,9952.8,5,4.9764,1.9905599999999999,9.9528,21.91976
2025-10-16,buy,518880.XSHG,黄金ETF华安,9.23,9.245691,1000,9230.0,5,4.615,1.846,9.23,20.691000000000003
2025-10-20,sell,518880.XSHG,黄金ETF华安,9.308,9.292176399999999,1000,9308.0,5,4.654,1.8616000000000001,9.308,20.8236
2025-10-20,buy,159502.XSHE,标普生物科技ETF嘉实,1.143,1.1449431,8700,9944.1,5,4.97205,1.9888200000000003,9.9441,21.90497
2025-10-23,sell,159502.XSHE,标普生物科技ETF嘉实,1.138,1.1360654,8700,9900.599999999999,5,4.9502999999999995,1.9801199999999999,9.900599999999999,21.831019999999995
2025-10-23,buy,513310.XSHG,中韩半导体ETF华泰柏瑞,2.396,2.4000732,4100,9823.6,5,4.9118,1.9647200000000002,9.8236,21.70012
2025-10-27,sell,513310.XSHG,中韩半导体ETF华泰柏瑞,2.555,2.5506565,4100,10475.5,5,5.23775,2.0951,10.4755,22.80835
2025-10-27,buy,159502.XSHE,标普生物科技ETF嘉实,1.149,1.1509533,9100,10455.9,5,5.22795,2.09118,10.4559,22.77503
2025-10-31,sell,159502.XSHE,标普生物科技ETF嘉实,1.185,1.1829855,9100,10783.5,5,5.39175,2.1567000000000003,10.7835,23.33195
2025-10-31,buy,513310.XSHG,中韩半导体ETF华泰柏瑞,2.778,2.7827226,3800,10556.4,5,5.2782,2.11128,10.5564,22.94588
2025-11-03,sell,513310.XSHG,中韩半导体ETF华泰柏瑞,2.749,2.7443267000000002,3800,10446.2,5,5.2231000000000005,2.08924,10.446200000000001,22.758540000000004
2025-11-03,buy,159502.XSHE,标普生物科技ETF嘉实,1.202,1.2040434,8800,10577.6,5,5.2888,2.11552,10.5776,22.981920000000002
2025-11-05,sell,159502.XSHE,标普生物科技ETF嘉实,1.133,1.1310739,8800,9970.4,5,4.9852,1.99408,9.9704,21.94968
2025-11-05,buy,513400.XSHG,道琼斯ETF鹏华,1.219,1.2210723,8200,9995.800000000001,5,4.9979000000000005,1.9991600000000003,9.995800000000001,21.99286
2025-11-06,sell,513400.XSHG,道琼斯ETF鹏华,1.228,1.2259124,8200,10069.6,5,5.034800000000001,2.01392,10.069600000000001,22.118320000000004
2025-11-06,buy,511880.XSHG,银华日利ETF,99.894,100.0638198,100,9989.400000000001,5,4.994700000000001,1.9978800000000003,9.989400000000002,21.981980000000004
2025-11-07,sell,511880.XSHG,银华日利ETF,99.904,99.7341632,100,9990.4,5,4.9952,1.99808,9.9904,21.98368
2025-11-07,buy,159509.XSHE,纳指科技ETF景顺,2.235,2.2387995,4400,9834.0,5,4.917,1.9668,9.834,21.7178
2025-11-10,sell,159509.XSHE,纳指科技ETF景顺,2.265,2.2611495,4400,9966.0,5,4.9830000000000005,1.9932,9.966000000000001,21.9422
2025-11-10,buy,513520.XSHG,日经ETF华夏,1.951,1.9543167000000001,5100,9950.1,5,4.97505,1.9900200000000001,9.9501,21.91517
2025-11-11,sell,513520.XSHG,日经ETF华夏,1.971,1.9676493,5100,10052.1,5,5.026050000000001,2.0104200000000003,10.052100000000001,22.088570000000004
2025-11-11,buy,513310.XSHG,中韩半导体ETF华泰柏瑞,2.753,2.7576801000000004,3600,9910.800000000001,5,4.955400000000001,1.9821600000000004,9.910800000000002,21.848360000000003
2025-11-13,sell,513310.XSHG,中韩半导体ETF华泰柏瑞,2.69,2.685427,3600,9684.0,5,4.8420000000000005,1.9368,9.684000000000001,21.4628
2025-11-13,buy,513290.XSHG,纳指生物科技ETF汇添富,1.482,1.4845194,6600,9781.2,5,4.8906,1.9562400000000002,9.7812,21.62804
2025-11-14,sell,513290.XSHG,纳指生物科技ETF汇添富,1.477,1.4744891,6600,9748.2,5,4.8741,1.9496400000000003,9.7482,21.57194
2025-11-14,buy,513310.XSHG,中韩半导体ETF华泰柏瑞,2.635,2.6394794999999998,3700,9749.5,5,4.87475,1.9499000000000002,9.7495,21.574149999999996
2025-11-17,sell,513310.XSHG,中韩半导体ETF华泰柏瑞,2.6,2.59558,3700,9620.0,5,4.8100000000000005,1.9240000000000002,9.620000000000001,21.354
2025-11-17,buy,513290.XSHG,纳指生物科技ETF汇添富,1.488,1.4905296000000001,6400,9523.2,5,4.7616000000000005,1.9046400000000003,9.523200000000001,21.189440000000005
2025-11-20,sell,513290.XSHG,纳指生物科技ETF汇添富,1.473,1.4704959,6400,9427.2,5,4.7136000000000005,1.8854400000000002,9.427200000000001,21.02624
2025-11-20,buy,159518.XSHE,标普油气ETF嘉实,0.928,0.9295776000000001,10200,9465.6,5,4.7328,1.8931200000000001,9.4656,21.091520000000003
2025-11-21,sell,159518.XSHE,标普油气ETF嘉实,0.908,0.9064564,10200,9261.6,5,4.630800000000001,1.8523200000000002,9.261600000000001,20.74472
2025-11-21,buy,513290.XSHG,纳指生物科技ETF汇添富,1.473,1.4755041000000002,6200,9132.6,5,4.5663,1.8265200000000001,9.1326,20.52542
2025-11-24,sell,513290.XSHG,纳指生物科技ETF汇添富,1.486,1.4834737999999998,6200,9213.2,5,4.6066,1.8426400000000003,9.2132,20.66244
2025-11-24,buy,159502.XSHE,标普生物科技ETF嘉实,1.232,1.2340944,7500,9240.0,5,4.62,1.848,9.24,20.708000000000002
2025-11-25,sell,159502.XSHE,标普生物科技ETF嘉实,1.268,1.2658444,7500,9510.0,5,4.755,1.9020000000000001,9.51,21.167
2025-11-25,buy,513290.XSHG,纳指生物科技ETF汇添富,1.535,1.5376095,6100,9363.5,5,4.68175,1.8727,9.3635,20.91795
2025-12-03,sell,513290.XSHG,纳指生物科技ETF汇添富,1.555,1.5523565,6100,9485.5,5,4.74275,1.8971,9.4855,21.12535
2025-12-03,buy,161226.XSHE,国投白银LOF,1.626,1.6287642,5800,9430.8,5,4.7154,1.8861599999999998,9.4308,21.032359999999997
2025-12-04,sell,161226.XSHE,国投白银LOF,1.679,1.6761457,5800,9738.2,5,4.8691,1.9476400000000003,9.7382,21.554940000000002
2025-12-04,buy,159502.XSHE,标普生物科技ETF嘉实,1.331,1.3332627,7400,9849.4,5,4.9247,1.96988,9.8494,21.74398
2025-12-12,sell,159502.XSHE,标普生物科技ETF嘉实,1.33,1.327739,7400,9842.0,5,4.921,1.9684000000000001,9.842,21.7314
2025-12-12,buy,159509.XSHE,纳指科技ETF景顺,2.379,2.3830443,4100,9753.9,5,4.87695,1.95078,9.7539,21.58163
2025-12-15,sell,159509.XSHE,纳指科技ETF景顺,2.322,2.3180526,4100,9520.2,5,4.7601,1.9040400000000002,9.5202,21.184340000000002
2025-12-15,buy,159206.XSHE,卫星ETF永赢,1.349,1.3512933,7000,9443.0,5,4.7215,1.8886,9.443,21.0531
2025-12-16,sell,159206.XSHE,卫星ETF永赢,1.371,1.3686692999999999,7000,9597.0,5,4.7985,1.9194,9.597,21.3149
2025-12-16,buy,159502.XSHE,标普生物科技ETF嘉实,1.321,1.3232457,7200,9511.199999999999,5,4.755599999999999,1.90224,9.511199999999999,21.16904
2025-12-17,sell,159502.XSHE,标普生物科技ETF嘉实,1.295,1.2927985,7200,9324.0,5,4.662,1.8648,9.324,20.8508
2025-12-17,buy,518880.XSHG,黄金ETF华安,9.283,9.2987811,1000,9283.0,5,4.6415,1.8566,9.283,20.781100000000002
2025-12-18,sell,518880.XSHG,黄金ETF华安,9.311,9.2951713,1000,9311.0,5,4.6555,1.8622,9.311,20.828699999999998
2025-12-18,buy,515880.XSHG,通信ETF国泰,0.488,0.48882960000000003,19200,9369.6,5,4.6848,1.8739200000000003,9.3696,20.92832
2025-12-19,sell,515880.XSHG,通信ETF国泰,0.495,0.4941585,19200,9504.0,5,4.752,1.9008,9.504,21.156799999999997
2025-12-19,buy,518880.XSHG,黄金ETF华安,9.29,9.305793,1000,9290.0,5,4.6450000000000005,1.858,9.290000000000001,20.793
2025-12-22,sell,518880.XSHG,黄金ETF华安,9.38,9.364054000000001,1000,9380.0,5,4.69,1.8760000000000001,9.38,20.946
2025-12-22,buy,159980.XSHE,有色ETF大成,1.931,1.9342827,4900,9461.9,5,4.73095,1.89238,9.4619,21.08523
2025-12-23,sell,159980.XSHE,有色ETF大成,1.927,1.9237241,4900,9442.300000000001,5,4.721150000000001,1.8884600000000002,9.442300000000001,21.051910000000003
2025-12-23,buy,515880.XSHG,通信ETF国泰,0.514,0.5148738,18400,9457.6,5,4.728800000000001,1.89152,9.457600000000001,21.07792
2025-12-25,sell,515880.XSHG,通信ETF国泰,0.523,0.5221109,18400,9623.2,5,4.8116,1.9246400000000001,9.6232,21.35944
2025-12-25,buy,159363.XSHE,创业板人工智能ETF华宝,0.991,0.9926847,9600,9513.6,5,4.7568,1.9027200000000002,9.5136,21.17312
2025-12-29,sell,159363.XSHE,创业板人工智能ETF华宝,0.977,0.9753390999999999,9600,9379.199999999999,5,4.6895999999999995,1.87584,9.379199999999999,20.94464
2025-12-29,buy,159638.XSHE,高端装备ETF嘉实,1.016,1.0177272,9200,9347.2,5,4.6736,1.8694400000000002,9.3472,20.890240000000002
2025-12-31,sell,159638.XSHE,高端装备ETF嘉实,1.026,1.0242558,9200,9439.2,5,4.719600000000001,1.8878400000000002,9.439200000000001,21.046640000000004
2025-12-31,buy,159227.XSHE,航空航天ETF华夏,1.322,1.3242474000000002,7100,9386.2,5,4.6931,1.8772400000000002,9.3862,20.956540000000004
2026-01-05,sell,159227.XSHE,航空航天ETF华夏,1.385,1.3826455,7100,9833.5,5,4.91675,1.9667000000000001,9.8335,21.71695
2026-01-05,buy,159583.XSHE,通信ETF富国,1.318,1.3202406000000002,7400,9753.2,5,4.876600000000001,1.9506400000000002,9.753200000000001,21.580440000000003
2026-01-06,sell,159583.XSHE,通信ETF富国,1.314,1.3117662,7400,9723.6,5,4.861800000000001,1.9447200000000002,9.723600000000001,21.530120000000004
2026-01-06,buy,512670.XSHG,国防ETF鹏华,0.92,0.921564,10600,9752.0,5,4.876,1.9504000000000001,9.752,21.578400000000002
2026-01-07,sell,512670.XSHG,国防ETF鹏华,0.95,0.9483849999999999,10600,10070.0,5,5.035,2.0140000000000002,10.07,22.119
2026-01-07,buy,159583.XSHE,通信ETF富国,1.338,1.3402746,7500,10035.0,5,5.0175,2.007,10.035,22.0595
2026-01-09,sell,159583.XSHE,通信ETF富国,1.343,1.3407168999999999,7500,10072.5,5,5.03625,2.0145,10.0725,22.12325
2026-01-09,buy,159516.XSHE,半导体设备ETF国泰,0.443,0.4437531,22700,10056.1,5,5.02805,2.0112200000000002,10.0561,22.095370000000003
2026-01-12,sell,159516.XSHE,半导体设备ETF国泰,0.451,0.4502333,22700,10237.7,5,5.11885,2.04754,10.2377,22.40409
2026-01-12,buy,159870.XSHE,化工ETF鹏华,0.858,0.8594586,11800,10124.4,5,5.0622,2.02488,10.1244,22.21148
2026-01-21,sell,159870.XSHE,化工ETF鹏华,0.9,0.89847,11800,10620.0,5,5.3100000000000005,2.124,10.620000000000001,23.054000000000002
2026-01-21,buy,518880.XSHG,黄金ETF华安,10.365,10.3826205,1000,10365.0,5,5.1825,2.073,10.365,22.6205
2026-01-22,sell,518880.XSHG,黄金ETF华安,10.29,10.272507,1000,10290.0,5,5.1450000000000005,2.0580000000000003,10.290000000000001,22.493000000000002
2026-01-22,buy,159980.XSHE,有色ETF大成,2.119,2.1226023000000005,4900,10383.1,5,5.19155,2.07662,10.3831,22.65127
2026-01-23,sell,159980.XSHE,有色ETF大成,2.128,2.1243824,4900,10427.2,5,5.2136000000000005,2.08544,10.427200000000001,22.72624
2026-01-23,buy,518880.XSHG,黄金ETF华安,10.618,10.6360506,900,9556.2,5,4.7781,1.9112400000000003,9.5562,21.245540000000002
2026-01-26,sell,518880.XSHG,黄金ETF华安,10.886,10.867493799999998,900,9797.4,5,4.8987,1.95948,9.7974,21.65558
2026-01-26,buy,588080.XSHG,科创50ETF易方达,1.584,1.5866928000000002,6700,10612.800000000001,5,5.306400000000001,2.1225600000000004,10.612800000000002,23.041760000000004
2026-01-29,sell,588080.XSHG,科创50ETF易方达,1.576,1.5733208,6700,10559.2,5,5.2796,2.1118400000000004,10.5592,22.95064
2026-01-29,buy,516190.XSHG,传媒ETF华夏,1.395,1.3973715,7600,10602.0,5,5.301,2.1204,10.602,23.023400000000002
2026-02-02,sell,516190.XSHG,传媒ETF华夏,1.453,1.4505299,7600,11042.800000000001,5,5.521400000000001,2.2085600000000003,11.042800000000002,23.77276
2026-02-02,buy,513520.XSHG,日经ETF华夏,1.9,1.90323,5800,11020.0,5,5.51,2.204,11.02,23.734
2026-02-03,sell,513520.XSHG,日经ETF华夏,1.894,1.8907801999999998,5800,10985.199999999999,5,5.4925999999999995,2.19704,10.985199999999999,23.674839999999996
2026-02-03,buy,511880.XSHG,银华日利ETF,100.147,100.31724990000001,100,10014.7,5,5.007350000000001,2.00294,10.014700000000001,22.024990000000003
2026-02-04,sell,511880.XSHG,银华日利ETF,100.147,99.9767501,100,10014.7,5,5.007350000000001,2.00294,10.014700000000001,22.024990000000003
2026-02-04,buy,520830.XSHG,沙特ETF华泰柏瑞,0.944,0.9456048,11500,10856.0,5,5.428,2.1712000000000002,10.856,23.4552
2026-02-05,sell,520830.XSHG,沙特ETF华泰柏瑞,0.95,0.9483849999999999,11500,10925.0,5,5.4625,2.185,10.925,23.5725
2026-02-05,buy,513520.XSHG,日经ETF华夏,1.897,1.9002249,5700,10812.9,5,5.4064499999999995,2.16258,10.812899999999999,23.381929999999997
2026-02-06,sell,513520.XSHG,日经ETF华夏,1.853,1.8498499,5700,10562.1,5,5.2810500000000005,2.11242,10.562100000000001,22.95557
2026-02-06,buy,159518.XSHE,标普油气ETF嘉实,0.968,0.9696456,10900,10551.199999999999,5,5.2756,2.1102399999999997,10.5512,22.93704
2026-02-10,sell,159518.XSHE,标普油气ETF嘉实,1.007,1.0052880999999998,10900,10976.3,5,5.48815,2.1952599999999998,10.9763,23.65971
2026-02-10,buy,501018.XSHG,南方原油LOF,1.347,1.3492899,8100,10910.699999999999,5,5.455349999999999,2.18214,10.910699999999999,23.548189999999998
2026-02-12,sell,501018.XSHG,南方原油LOF,1.379,1.3766557,8100,11169.9,5,5.58495,2.23398,11.1699,23.98883
2026-02-12,buy,513310.XSHG,中韩半导体ETF华泰柏瑞,3.512,3.5179704000000003,3100,10887.2,5,5.443600000000001,2.1774400000000003,10.887200000000002,23.50824
2026-02-27,sell,513310.XSHG,中韩半导体ETF华泰柏瑞,4.321,4.3136543,3100,13395.099999999999,5,6.69755,2.67902,13.3951,27.77167
2026-02-27,buy,513350.XSHG,标普油气ETF富国,1.145,1.1469465,11900,13625.5,5,6.81275,2.7251000000000003,13.6255,28.16335
2026-03-03,sell,513350.XSHG,标普油气ETF富国,1.375,1.3726625,11900,16362.5,5,8.18125,3.2725,16.3625,32.81625
2026-03-03,buy,513520.XSHG,日经ETF华夏,2.106,2.1095802,7700,16216.199999999999,5,8.1081,3.24324,16.2162,32.56754
2026-03-04,sell,513520.XSHG,日经ETF华夏,1.939,1.9357037,7700,14930.300000000001,5,7.46515,2.98606,14.9303,30.381510000000002
2026-03-04,buy,518880.XSHG,黄金ETF华安,11.0,11.0187,1300,14300.0,5,7.15,2.8600000000000003,14.3,29.310000000000002
2026-03-06,sell,518880.XSHG,黄金ETF华安,10.834,10.8155822,1300,14084.199999999999,5,7.0421,2.81684,14.0842,28.94314
2026-03-06,buy,159985.XSHE,豆粕ETF华夏,2.1,2.1035700000000004,7000,14700.0,5,7.3500000000000005,2.94,14.700000000000001,29.990000000000002
2026-03-10,sell,159985.XSHE,豆粕ETF华夏,2.133,2.1293739,7000,14931.0,5,7.4655000000000005,2.9862,14.931000000000001,30.3827
2026-03-10,buy,511880.XSHG,银华日利ETF,100.243,100.4134131,100,10024.3,5,5.01215,2.00486,10.0243,22.04131
2026-03-11,sell,511880.XSHG,银华日利ETF,100.246,100.0755818,100,10024.6,5,5.012300000000001,2.0049200000000003,10.024600000000001,22.04182
2026-03-11,buy,159985.XSHE,豆粕ETF华夏,2.208,2.2117536,6700,14793.6,5,7.396800000000001,2.95872,14.793600000000001,30.149120000000003
2026-03-12,sell,159985.XSHE,豆粕ETF华夏,2.275,2.2711324999999998,6700,15242.5,5,7.62125,3.0485,15.2425,30.91225
2026-03-12,buy,159667.XSHE,工业母机ETF国泰,0.672,0.6731424,22600,15187.2,5,7.5936,3.03744,15.1872,30.818240000000003
2026-03-13,sell,159667.XSHE,工业母机ETF国泰,0.654,0.6528882,22600,14780.400000000001,5,7.390200000000001,2.9560800000000005,14.780400000000002,30.12668
2026-03-13,buy,159611.XSHE,电力ETF广发,1.206,1.2080502,12200,14713.199999999999,5,7.356599999999999,2.94264,14.713199999999999,30.012439999999998
2026-03-18,sell,159611.XSHE,电力ETF广发,1.138,1.1360654,12200,13883.599999999999,5,6.9418,2.7767199999999996,13.8836,28.60212
2026-03-18,buy,159985.XSHE,豆粕ETF华夏,2.26,2.263842,6100,13785.999999999998,5,6.892999999999999,2.7571999999999997,13.785999999999998,28.436199999999996
2026-03-23,sell,159985.XSHE,豆粕ETF华夏,2.19,2.186277,6100,13359.0,5,6.6795,2.6718,13.359,27.710300000000004
2026-03-23,buy,511880.XSHG,银华日利ETF,100.285,100.4554845,100,10028.5,5,5.0142500000000005,2.0057,10.028500000000001,22.048450000000003
2026-04-01,sell,511880.XSHG,银华日利ETF,100.308,100.1374764,100,10030.800000000001,5,5.0154000000000005,2.0061600000000004,10.030800000000001,22.05236
2026-04-01,buy,520830.XSHG,沙特ETF华泰柏瑞,0.932,0.9335844000000001,14300,13327.6,5,6.6638,2.6655200000000003,13.3276,27.65692
2026-04-02,sell,520830.XSHG,沙特ETF华泰柏瑞,0.934,0.9324122,14300,13356.2,5,6.678100000000001,2.67124,13.356200000000001,27.705540000000003
2026-04-02,buy,512800.XSHG,银行ETF华宝,0.801,0.8023617000000001,16600,13296.6,5,6.6483,2.65932,13.2966,27.604219999999998
2026-04-03,sell,512800.XSHG,银行ETF华宝,0.806,0.8046298000000001,16600,13379.6,5,6.6898,2.67592,13.3796,27.74532
2026-04-03,buy,520830.XSHG,沙特ETF华泰柏瑞,0.932,0.9335844000000001,14300,13327.6,5,6.6638,2.6655200000000003,13.3276,27.65692
2026-04-09,sell,520830.XSHG,沙特ETF华泰柏瑞,0.933,0.9314139,14300,13341.900000000001,5,6.670950000000001,2.6683800000000004,13.341900000000003,27.681230000000006
2026-04-09,buy,513120.XSHG,港股创新药ETF广发,1.291,1.2931947,10300,13297.3,5,6.64865,2.65946,13.2973,27.60541
2026-04-15,sell,513120.XSHG,港股创新药ETF广发,1.308,1.3057764,10300,13472.4,5,6.7362,2.69448,13.4724,27.903080000000003
2026-04-15,buy,515880.XSHG,通信ETF国泰,0.622,0.6230574,21500,13373.0,5,6.6865000000000006,2.6746000000000003,13.373000000000001,27.7341
2026-04-20,sell,515880.XSHG,通信ETF国泰,0.665,0.6638695,21500,14297.5,5,7.14875,2.8595,14.2975,29.30575
2026-04-20,buy,159967.XSHE,创业板成长ETF华夏,0.785,0.7863345,18200,14287.0,5,7.1435,2.8574,14.287,29.2879
2026-04-21,sell,159967.XSHE,创业板成长ETF华夏,0.781,0.7796723,18200,14214.2,5,7.107100000000001,2.8428400000000003,14.214200000000002,29.164140000000003
2026-04-21,buy,159363.XSHE,创业板人工智能ETF华宝,1.276,1.2781692,11100,14163.6,5,7.0818,2.83272,14.1636,29.078120000000002
2026-04-22,sell,159363.XSHE,创业板人工智能ETF华宝,1.269,1.2668426999999998,11100,14085.9,5,7.04295,2.81718,14.0859,28.94603
2026-04-22,buy,562800.XSHG,稀有金属ETF嘉实,1.118,1.1199006000000002,12500,13975.000000000002,5,6.987500000000001,2.7950000000000004,13.975000000000001,28.7575
2026-04-24,sell,562800.XSHG,稀有金属ETF嘉实,1.08,1.0781640000000001,12500,13500.0,5,6.75,2.7,13.5,27.95
2026-04-24,buy,588200.XSHG,科创芯片ETF嘉实,0.915,0.9165555000000001,14700,13450.5,5,6.72525,2.6901,13.4505,27.865850000000002
2026-04-27,sell,588200.XSHG,科创芯片ETF嘉实,0.952,0.9503815999999999,14700,13994.4,5,6.9972,2.79888,13.9944,28.790480000000002
2026-04-27,buy,159949.XSHE,创业板50ETF华安,1.766,1.7690022,7900,13951.4,5,6.9757,2.79028,13.9514,28.71738
2026-04-28,sell,159949.XSHE,创业板50ETF华安,1.73,1.727059,7900,13667.0,5,6.8335,2.7334,13.667,28.2339
2026-04-28,buy,159667.XSHE,工业母机ETF国泰,0.663,0.6641271000000001,20500,13591.5,5,6.79575,2.7183,13.5915,28.10555
2026-04-29,sell,159667.XSHE,工业母机ETF国泰,0.645,0.6439035,20500,13222.5,5,6.61125,2.6445000000000003,13.2225,27.478250000000003
2026-04-29,buy,513100.XSHG,纳指ETF国泰,1.951,1.9543167000000001,6700,13071.7,5,6.535850000000001,2.6143400000000003,13.071700000000002,27.221890000000002
2026-04-30,sell,513100.XSHG,纳指ETF国泰,1.975,1.9716425,6700,13232.5,5,6.61625,2.6465,13.2325,27.49525
2026-04-30,buy,588080.XSHG,科创50ETF易方达,1.54,1.542618,8600,13244.0,5,6.622,2.6488,13.244,27.5148
2026-05-06,sell,588080.XSHG,科创50ETF易方达,1.665,1.6621695,8600,14319.0,5,7.1595,2.8638000000000003,14.319,29.3423
2026-05-06,buy,588220.XSHG,科创100ETF鹏华,1.683,1.6858611000000001,8500,14305.5,5,7.15275,2.8611,14.3055,29.31935
2026-05-07,sell,588220.XSHG,科创100ETF鹏华,1.711,1.7080913,8500,14543.5,5,7.27175,2.9087,14.5435,29.723950000000002
2026-05-07,buy,588790.XSHG,科创AIETF博时,0.937,0.9385929000000001,15500,14523.5,5,7.26175,2.9047,14.5235,29.68995
2026-05-08,sell,588790.XSHG,科创AIETF博时,0.953,0.9513799,15500,14771.5,5,7.38575,2.9543,14.7715,30.11155
2026-05-08,buy,159949.XSHE,创业板50ETF华安,1.822,1.8250974000000002,8000,14576.0,5,7.288,2.9152,14.576,29.779200000000003
2026-05-12,sell,159949.XSHE,创业板50ETF华安,1.9,1.8967699999999998,8000,15200.0,5,7.6000000000000005,3.04,15.200000000000001,30.840000000000003
2026-05-12,buy,159363.XSHE,创业板人工智能ETF华宝,1.362,1.3643154000000002,11200,15254.400000000001,5,7.627200000000001,3.0508800000000003,15.254400000000002,30.932480000000005
2026-05-14,sell,159363.XSHE,创业板人工智能ETF华宝,1.456,1.4535247999999998,11200,16307.199999999999,5,8.153599999999999,3.26144,16.307199999999998,32.72224
2026-05-14,buy,159915.XSHE,创业板ETF易方达,4.092,4.0989564,3900,15958.8,5,7.9794,3.19176,15.9588,32.12996
2026-05-18,sell,159915.XSHE,创业板ETF易方达,3.912,3.9053495999999996,3900,15256.8,5,7.6284,3.05136,15.2568,30.93656
2026-05-18,buy,513100.XSHG,纳指ETF国泰,2.065,2.0685105,7500,15487.5,5,7.74375,3.0975,15.4875,31.32875
2026-05-20,sell,513100.XSHG,纳指ETF国泰,2.036,2.0325387999999998,7500,15270.0,5,7.635,3.0540000000000003,15.27,30.959
2026-05-20,buy,511880.XSHG,银华日利ETF,100.455,100.62577350000001,100,10045.5,5,5.02275,2.0091,10.0455,22.077350000000003
2026-05-22,sell,511880.XSHG,银华日利ETF,100.481,100.3101823,100,10048.099999999999,5,5.024049999999999,2.00962,10.048099999999998,22.08177
2026-05-22,buy,159509.XSHE,纳指科技ETF景顺,2.602,2.6064234,5800,15091.599999999999,5,7.5458,3.0183199999999997,15.0916,30.65572
2026-05-27,sell,159509.XSHE,纳指科技ETF景顺,2.723,2.7183708999999996,5800,15793.4,5,7.8967,3.15868,15.7934,31.848779999999998
2026-05-27,buy,515980.XSHG,人工智能ETF华富,1.169,1.1709873000000002,13500,15781.5,5,7.890750000000001,3.1563000000000003,15.781500000000001,31.828550000000003
2026-06-01,sell,515980.XSHG,人工智能ETF华富,1.13,1.1280789999999998,13500,15254.999999999998,5,7.6274999999999995,3.0509999999999997,15.254999999999999,30.9335
2026-06-01,buy,513100.XSHG,纳指ETF国泰,2.273,2.2768641,6600,15001.800000000001,5,7.500900000000001,3.0003600000000006,15.001800000000001,30.503060000000005
2026-06-08,sell,513100.XSHG,纳指ETF国泰,2.116,2.1124028,6600,13965.6,5,6.9828,2.79312,13.9656,28.74152
2026-06-08,buy,513520.XSHG,日经ETF华夏,2.173,2.1766941,6500,14124.5,5,7.062250000000001,2.8249,14.124500000000001,29.011650000000003
2026-06-09,sell,513520.XSHG,日经ETF华夏,2.272,2.2681375999999998,6500,14767.999999999998,5,7.3839999999999995,2.9536,14.767999999999999,30.1056
2026-06-09,buy,511880.XSHG,银华日利ETF,100.513,100.6838721,100,10051.300000000001,5,5.025650000000001,2.01026,10.051300000000001,22.087210000000002
2026-06-16,sell,511880.XSHG,银华日利ETF,100.521,100.3501143,100,10052.1,5,5.026050000000001,2.0104200000000003,10.052100000000001,22.088570000000004
2026-06-16,buy,513520.XSHG,日经ETF华夏,2.419,2.4231123,6000,14514.0,5,7.257000000000001,2.9028,14.514000000000001,29.6738
2026-06-23,sell,513520.XSHG,日经ETF华夏,2.571,2.5666293000000002,6000,15426.000000000002,5,7.713000000000001,3.0852000000000004,15.426000000000002,31.224200000000003
2026-06-23,buy,515880.XSHG,通信ETF国泰,0.923,0.9245691,16800,15506.400000000001,5,7.7532000000000005,3.1012800000000005,15.506400000000001,31.36088
2026-06-24,sell,515880.XSHG,通信ETF国泰,0.889,0.8874887,16800,14935.2,5,7.467600000000001,2.9870400000000004,14.935200000000002,30.389840000000003
2026-06-24,buy,159516.XSHE,半导体设备ETF国泰,0.77,0.771309,19300,14861.0,5,7.4305,2.9722,14.861,30.2637
2026-06-25,sell,159516.XSHE,半导体设备ETF国泰,0.839,0.8375737,19300,16192.699999999999,5,8.09635,3.23854,16.1927,32.52759
2026-06-25,buy,588220.XSHG,科创100ETF鹏华,2.105,2.1085785,7600,15998.0,5,7.9990000000000006,3.1996,15.998000000000001,32.196600000000004
2026-06-29,sell,588220.XSHG,科创100ETF鹏华,2.064,2.0604912,7600,15686.4,5,7.8432,3.13728,15.6864,31.66688
2026-06-29,buy,513520.XSHG,日经ETF华夏,2.522,2.5262873999999997,6200,15636.4,5,7.8182,3.1272800000000003,15.6364,31.58188
2026-06-30,sell,513520.XSHG,日经ETF华夏,2.505,2.5007414999999997,6200,15531.0,5,7.7655,3.1062000000000003,15.531,31.402700000000003
2026-06-30,buy,513310.XSHG,中韩半导体ETF华泰柏瑞,6.698,6.7093866,2300,15405.400000000001,5,7.702700000000001,3.0810800000000005,15.405400000000002,31.18918
2026-07-01,sell,513310.XSHG,中韩半导体ETF华泰柏瑞,6.721,6.7095743,2300,15458.300000000001,5,7.729150000000001,3.0916600000000005,15.458300000000001,31.279110000000003
2026-07-01,buy,159502.XSHE,标普生物科技ETF嘉实,1.628,1.6307676,9500,15465.999999999998,5,7.733,3.0932,15.466,31.2922
2026-07-02,sell,159502.XSHE,标普生物科技ETF嘉实,1.578,1.5753174,9500,14991.0,5,7.4955,2.9982,14.991,30.4847
2026-07-02,buy,159667.XSHE,工业母机ETF国泰,0.88,0.8814960000000001,17100,15048.0,5,7.524,3.0096000000000003,15.048,30.5816
2026-07-03,sell,159667.XSHE,工业母机ETF国泰,0.869,0.8675227,17100,14859.9,5,7.42995,2.9719800000000003,14.8599,30.26183
2026-07-03,buy,513290.XSHG,纳指生物科技ETF汇添富,1.725,1.7279325,8500,14662.5,5,7.33125,2.9325,14.6625,29.926250000000003
2026-07-06,sell,513290.XSHG,纳指生物科技ETF汇添富,1.79,1.786957,8500,15215.0,5,7.6075,3.043,15.215,30.8655
2026-07-06,buy,513400.XSHG,道琼斯ETF鹏华,1.334,1.3362678000000001,11400,15207.6,5,7.603800000000001,3.0415200000000002,15.207600000000001,30.85292
2026-07-10,sell,513400.XSHG,道琼斯ETF鹏华,1.314,1.3117662,11400,14979.6,5,7.489800000000001,2.9959200000000004,14.979600000000001,30.465320000000002
2026-07-10,buy,159985.XSHE,豆粕ETF华夏,2.16,2.163672,6900,14904.000000000002,5,7.452000000000001,2.9808000000000003,14.904000000000002,30.336800000000004
2026-07-14,sell,159985.XSHE,豆粕ETF华夏,2.215,2.2112344999999998,6900,15283.499999999998,5,7.641749999999999,3.0566999999999998,15.283499999999998,30.981949999999998
2026-07-14,buy,511880.XSHG,银华日利ETF,100.62,100.791054,100,10062.0,5,5.031,2.0124,10.062,22.105399999999996
2026-07-15,sell,511880.XSHG,银华日利ETF,100.61,100.438963,100,10061.0,5,5.0305,2.0122,10.061,22.1037
2026-07-15,buy,159985.XSHE,豆粕ETF华夏,2.21,2.213757,6900,15249.0,5,7.6245,3.0498000000000003,15.249,30.923300000000005
2026-07-17,sell,159985.XSHE,豆粕ETF华夏,2.166,2.1623178,6900,14945.4,5,7.4727,2.98908,14.9454,30.407179999999997
2026-07-17,buy,159518.XSHE,标普油气ETF嘉实,1.127,1.1289159,13200,14876.4,5,7.4382,2.97528,14.8764,30.28988
2026-07-21,sell,159518.XSHE,标普油气ETF嘉实,1.164,1.1620211999999999,13200,15364.8,5,7.6823999999999995,3.07296,15.364799999999999,31.12016
2026-07-21,buy,511880.XSHG,银华日利ETF,100.629,100.8000693,100,10062.9,5,5.0314499999999995,2.01258,10.062899999999999,22.10693
2026-07-22,sell,511880.XSHG,银华日利ETF,100.63,100.458929,100,10063.0,5,5.0315,2.0126,10.063,22.107100000000003
2026-07-22,buy,501018.XSHG,南方原油LOF,2.132,2.1356244,7100,15137.2,5,7.568600000000001,3.0274400000000004,15.137200000000002,30.733240000000002
2026-07-23,sell,501018.XSHG,南方原油LOF,2.178,2.1742974,7100,15463.8,5,7.7318999999999996,3.09276,15.463799999999999,31.28846
2026-07-23,buy,159985.XSHE,豆粕ETF华夏,2.249,2.2528233,6900,15518.1,5,7.75905,3.1036200000000003,15.5181,31.380770000000002
2026-07-29,sell,159985.XSHE,豆粕ETF华夏,2.128,2.1243824,6900,14683.2,5,7.341600000000001,2.93664,14.683200000000001,29.961440000000003
2026-07-29,buy,513030.XSHG,德国ETF华安,1.787,1.7900379,8200,14653.4,5,7.3267,2.93068,14.6534,29.91078
2026-07-30,sell,513030.XSHG,德国ETF华安,1.798,1.7949434,8200,14743.6,5,7.3718,2.9487200000000002,14.7436,30.064120000000003
2026-07-30,buy,159980.XSHE,有色ETF大成,2.122,2.1256074,6900,14641.8,5,7.3209,2.92836,14.6418,29.89106
2026-07-31,sell,159980.XSHE,有色ETF大成,2.122,2.1183926,6900,14641.8,5,7.3209,2.92836,14.6418,29.89106
2026-07-31,buy,159518.XSHE,标普油气ETF嘉实,1.172,1.1739924,12500,14650.0,5,7.325,2.93,14.65,29.905
2026-08-03,sell,159518.XSHE,标普油气ETF嘉实,1.16,1.1580279999999998,12500,14499.999999999998,5,7.249999999999999,2.9,14.499999999999998,29.65
2026-08-03,buy,159980.XSHE,有色ETF大成,2.121,2.1246057,6800,14422.8,5,7.211399999999999,2.88456,14.422799999999999,29.51876
2026-08-05,sell,159980.XSHE,有色ETF大成,2.135,2.1313704999999996,6800,14517.999999999998,5,7.2589999999999995,2.9036,14.517999999999999,29.6806
2026-08-05,buy,159518.XSHE,标普油气ETF嘉实,1.16,1.161972,12400,14383.999999999998,5,7.191999999999999,2.8768,14.383999999999999,29.452799999999996
2026-08-06,sell,159518.XSHE,标普油气ETF嘉实,1.125,1.1230875,12400,13950.0,5,6.9750000000000005,2.79,13.950000000000001,28.715000000000003
2026-08-06,buy,512690.XSHG,酒ETF鹏华,0.437,0.4377429,32000,13984.0,5,6.992,2.7968,13.984,28.772800000000004
2026-08-10,sell,512690.XSHG,酒ETF鹏华,0.436,0.4352588,32000,13952.0,5,6.976,2.7904,13.952,28.7184
2026-08-10,buy,517520.XSHG,黄金股ETF永赢,2.12,2.1236040000000003,6500,13780.0,5,6.890000000000001,2.7560000000000002,13.780000000000001,28.426000000000002
2026-08-11,sell,517520.XSHG,黄金股ETF永赢,2.196,2.1922668,6500,14274.000000000002,5,7.137000000000001,2.8548000000000004,14.274000000000003,29.265800000000006
2026-08-11,buy,512690.XSHG,酒ETF鹏华,0.444,0.4447548,32200,14296.800000000001,5,7.1484000000000005,2.8593600000000006,14.296800000000001,29.304560000000002
2026-08-14,sell,512690.XSHG,酒ETF鹏华,0.449,0.4482367,32200,14457.800000000001,5,7.2289,2.8915600000000006,14.4578,29.57826
2026-08-14,buy,513360.XSHG,教育ETF博时,0.467,0.46779390000000004,30900,14430.300000000001,5,7.21515,2.8860600000000005,14.4303,29.531510000000004
