date,held_codes,held_names,daily_return,cumulative_return,benchmark_daily_return,benchmark_cumulative_return,regime,action,next_targets,portfolio_value,cash,position_shares,trading_cost,cash_defense,unfilled_target
2025-01-02,513520.XSHG,日经ETF华夏,0.012771084000000155,0.012771084000000155,-0.028338021577793526,-0.028338021577793526,weak,换仓,159529.XSHE,10127.710840000002,43.3108400000001,6800,21.889160000000004,False,
2025-01-03,159529.XSHE,标普消费ETF景顺,-0.05769259502278601,-0.045658307999999814,-0.011841691969427304,-0.03984414342467357,weak,换仓,501018.XSHG,9543.416920000001,135.41692000000148,6400,43.893919999999994,False,
2025-01-06,501018.XSHG,南方原油LOF,0.016491577526092094,-0.02991970799999999,-0.0016396656035770896,-0.041418477956773225,weak,换仓,159509.XSHE,9700.80292,26.002920000000813,7600,43.014,False,
2025-01-07,159509.XSHE,纳指科技ETF景顺,-0.02105918053224387,-0.05034880399999986,0.007200906348418856,-0.03451582218921512,weak,换仓,501018.XSHG,9496.511960000002,28.81196000000091,5700,42.790960000000005,False,
2025-01-08,501018.XSHG,南方原油LOF,-0.015434251082647177,-0.06500595900000006,-0.0018150158978533781,-0.03626819132106762,weak,换仓,159509.XSHE,9349.94041,54.74041000000034,7200,41.57155,False,
2025-01-09,159509.XSHE,纳指科技ETF景顺,-0.020062673319219848,-0.0837644390000003,-0.00246488723272853,-0.038643681552054665,weak,换仓,501018.XSHG,9162.355609999997,0.7556099999983417,5600,41.184799999999996,False,
2025-01-10,501018.XSHG,南方原油LOF,-0.004302496178709259,-0.08770653900000036,-0.012540080637480577,-0.0506991673067434,weak,持有,501018.XSHG,9122.934609999997,85.93460999999661,7000,40.821000000000005,False,
2025-01-13,501018.XSHG,南方原油LOF,0.04450322372748006,-0.04710653900000039,-0.0026711462620027104,-0.05323488867750803,weak,换仓,513310.XSHG,9528.934609999997,85.93460999999661,7000,0.0,False,
2025-01-14,513310.XSHG,中韩半导体ETF华泰柏瑞,0.010178367673781441,-0.037407639000000215,0.026334381908980742,-0.02830241465784289,normal,换仓,159518.XSHE,9625.923609999998,57.92360999999801,6400,42.011,False,
2025-01-15,159518.XSHE,标普油气ETF嘉实,0.01589154518544955,-0.02211055900000014,-0.006415323488302649,-0.0345361690006154,normal,持有,159518.XSHE,9778.894409999999,101.0944099999997,8300,42.429199999999994,False,
2025-01-16,159518.XSHE,标普油气ETF嘉实,0.0,-0.02211055900000014,0.0011459340416171138,-0.033429811130723186,normal,换仓,501018.XSHG,9778.894409999999,101.0944099999997,8300,0.0,False,
2025-01-17,501018.XSHG,南方原油LOF,0.03399675321783158,0.011134507000000182,0.003147053715681025,-0.03038796282637557,normal,换仓,520830.XSHG,10111.345070000001,106.54507000000012,7400,43.94934000000001,False,
2025-01-20,520830.XSHG,沙特ETF华泰柏瑞,-0.02104238343435383,-0.010142173000000199,0.004548387604463411,-0.025977791455356503,normal,持有,520830.XSHG,9898.578269999998,46.47826999999779,8300,43.666799999999995,False,
2025-01-21,520830.XSHG,沙特ETF华泰柏瑞,0.017608589359570548,0.007287826999999636,0.0007650769777109989,-0.025232589487819812,normal,换仓,513030.XSHG,10072.878269999997,46.47826999999779,8300,0.0,False,
2025-01-22,513030.XSHG,德国ETF华安,0.021962917060051046,0.02941080599999979,-0.0092861000727964,-0.034284377209536476,normal,持有,513030.XSHG,10294.108059999999,130.10805999999866,5600,44.07021,False,
2025-01-23,513030.XSHG,德国ETF华安,0.0,0.02941080599999979,0.0017698089554438745,-0.032575245051909896,normal,换仓,501018.XSHG,10294.108059999999,130.10805999999866,5600,0.0,False,
2025-01-24,501018.XSHG,南方原油LOF,0.0265109049185559,0.05670141799999984,0.007655623149847246,-0.025169005702194047,normal,持有,501018.XSHG,10567.014179999998,20.814179999997577,8100,45.69388,False,
2025-01-27,501018.XSHG,南方原油LOF,-0.0007665363045817886,0.05589141799999986,-0.004117030102847585,-0.029182414250906952,weak,换仓,159985.XSHE,10558.914179999998,20.814179999997577,8100,0.0,False,
2025-02-05,159985.XSHE,豆粕ETF华夏,0.0034184253593392278,0.05950090399999963,-0.005763567962945526,-0.034777787385994574,weak,持有,159985.XSHE,10595.009039999997,58.60903999999755,5300,45.60514,False,
2025-02-06,159985.XSHE,豆粕ETF华夏,-0.009504475137285806,0.04943090399999983,0.012582079956153791,-0.022633284331429526,normal,持有,159985.XSHE,10494.309039999998,58.60903999999755,5300,0.0,False,
2025-02-07,159985.XSHE,豆粕ETF华夏,0.0005050356321505411,0.04996090399999975,0.01297741508211403,-0.00994959077475599,normal,换仓,562500.XSHG,10499.609039999998,58.60903999999755,5300,0.0,False,
2025-02-10,562500.XSHG,机器人ETF华夏,0.020607562545966962,0.07159803899999972,0.002147609628278646,-0.007823348983422629,normal,持有,562500.XSHG,10715.980389999997,25.180389999995896,11800,45.92865,False,
2025-02-11,562500.XSHG,机器人ETF华夏,0.0,0.07159803899999972,-0.004593623271623604,-0.012381034737093954,normal,持有,562500.XSHG,10715.980389999997,25.180389999995896,11800,0.0,False,
2025-02-12,562500.XSHG,机器人ETF华夏,0.012112750796103189,0.08457803899999972,0.009456264775413725,-0.0030418483043478384,normal,换仓,159998.XSHE,10845.780389999996,25.180389999995896,11800,0.0,False,
2025-02-13,159998.XSHE,计算机ETF天弘,-0.024139386064039647,0.05839699099999951,-0.0037552361563933934,-0.006785661602006443,normal,换仓,159851.XSHE,10583.969909999996,1.6699099999968894,10700,46.710480000000004,False,
2025-02-14,159851.XSHE,金融科技ETF华宝,0.02245857575383048,0.08216707999999939,0.008673184572128179,0.0018286696746034892,normal,换仓,510900.XSHG,10821.670799999994,62.170799999994415,13500,45.79911,False,
2025-02-17,510900.XSHG,恒生中国企业ETF易方达,0.017139723932463102,0.10071512499999913,0.0021299768215872206,0.003962541520212026,normal,换仓,588220.XSHG,11007.151249999992,8.25124999999207,10100,47.41955,False,
2025-02-18,588220.XSHG,科创100ETF鹏华,-0.019553110983189348,0.0791927199999991,-0.008770329837361257,-0.004842541113275756,normal,换仓,159732.XSHE,10791.927199999991,62.327199999990626,11200,47.22405,False,
2025-02-19,159732.XSHE,消费电子ETF华夏,0.02647052511621828,0.10775951799999905,0.00699758228165126,0.0021211550884829844,normal,换仓,513120.XSHG,11077.595179999991,44.495179999990796,12300,46.43202000000001,False,
2025-02-20,513120.XSHG,港股创新药ETF广发,0.014879660009384788,0.12424260299999923,-0.0028577519694631404,-0.0007426586161117799,normal,换仓,512170.XSHG,11242.426029999991,37.42602999999144,13500,47.56915,False,
2025-02-21,512170.XSHG,医疗ETF华宝,0.016047531868884413,0.14228392199999917,0.012609127236631101,0.011857104343535374,normal,持有,512170.XSHG,11422.83921999999,29.639219999991838,31300,48.48681,False,
2025-02-24,512170.XSHG,医疗ETF华宝,-0.021920994875037736,0.117243921999999,-0.0021918138767960116,0.009639301900900676,normal,换仓,588220.XSHG,11172.439219999991,29.639219999991838,31300,0.0,False,
2025-02-25,588220.XSHG,科创100ETF鹏华,-0.01059608360080233,0.10540551199999881,-0.011101538647562026,-0.0015692478292497203,normal,持有,588220.XSHG,11054.055119999988,19.45511999998962,10600,47.1841,False,
2025-02-26,588220.XSHG,科创100ETF鹏华,0.020137406371102173,0.12766551199999898,0.008734859195292488,0.007151904207211679,normal,持有,588220.XSHG,11276.65511999999,19.45511999998962,10600,0.0,False,
2025-02-27,588220.XSHG,科创100ETF鹏华,-0.0009399950505892818,0.12660551199999892,0.002065687863957555,0.009232365672894316,normal,换仓,159667.XSHE,11266.055119999988,19.45511999998962,10600,0.0,False,
2025-02-28,159667.XSHE,工业母机ETF国泰,-0.058827352870256644,0.06033029199999884,-0.019674304204509885,-0.010623578902391406,weak,换仓,159985.XSHE,10603.302919999987,29.20291999998699,27900,47.852199999999996,False,
2025-03-03,159985.XSHE,豆粕ETF华夏,0.01990805615878788,0.08143940699999863,-0.00040616444518715156,-0.011025428427547723,weak,持有,159985.XSHE,10814.394069999986,2.3940699999857316,5300,46.10885,False,
2025-03-04,159985.XSHE,豆粕ETF华夏,-0.011272013874375153,0.06924940699999871,-0.0008358043137789428,-0.011852017640685664,weak,换仓,511880.XSHG,10692.494069999986,2.3940699999857316,5300,0.0,False,
2025-03-05,511880.XSHG,银华日利ETF,-0.012538851003543239,0.055842247999998706,0.004465641585289948,-0.007439302918241575,weak,换仓,518880.XSHG,10558.422479999987,644.8224799999862,100,44.871590000000005,False,
2025-03-06,518880.XSHG,黄金ETF华安,-0.0034867310973525356,0.05216080999999839,0.013752475932526487,0.006210864179946984,normal,换仓,513330.XSHG,10521.608099999985,65.60809999998492,1600,44.61438,False,
2025-03-07,513330.XSHG,恒生互联网ETF华夏,-0.0033647100009361885,0.04862059399999841,-0.0030913190301902205,0.0031003453871234488,normal,换仓,513180.XSHG,10486.205939999983,14.605939999983093,18800,45.40216,False,
2025-03-10,513180.XSHG,恒生科技ETF华夏,-0.022360157843705153,0.025173271999998637,-0.0038564810941148497,-0.000768092130362108,normal,换仓,159892.XSHE,10251.732719999985,45.73271999998542,12600,45.473220000000005,False,
2025-03-11,159892.XSHE,恒生医药ETF华夏,-0.015270889738920657,0.009517963999998047,0.0032121767460802086,0.0024416173680381625,normal,持有,159892.XSHE,10095.17963999998,38.1796399999821,17800,43.95308000000001,False,
2025-03-12,159892.XSHE,恒生医药ETF华夏,0.0,0.009517963999998047,-0.003600225299511317,-0.0011673983040932923,normal,换仓,159323.XSHE,10095.17963999998,38.1796399999821,17800,0.0,False,
2025-03-13,159323.XSHE,港股通汽车ETF华夏,-0.020680604748505527,-0.011359478000001921,-0.003984997058995798,-0.0051477432842805815,weak,换仓,159980.XSHE,9886.40521999998,76.60521999998127,7700,44.17442,False,
2025-03-14,159980.XSHE,有色ETF大成,-0.0002545141478635937,-0.011611101000002289,0.024281748040433815,0.019009008550747497,normal,换仓,159323.XSHE,9883.888989999978,22.288989999979094,5600,43.81623,False,
2025-03-17,159323.XSHE,港股通汽车ETF华夏,-0.016753263838508614,-0.028169841000002305,-0.0024385008585918744,0.016524154208483743,normal,持有,159323.XSHE,9718.301589999977,113.10158999997657,7400,43.187400000000004,False,
2025-03-18,159323.XSHE,港股通汽车ETF华夏,0.02665074731437711,-0.0022698410000024927,0.0027346945924102695,0.019304037316052014,normal,持有,159323.XSHE,9977.301589999975,113.10158999997657,7400,0.0,False,
2025-03-19,159323.XSHE,港股通汽车ETF华夏,-0.006675151532629875,-0.00892984100000227,0.0006113201521065204,0.019927158415186774,normal,持有,159323.XSHE,9910.701589999977,113.10158999997657,7400,0.0,False,
2025-03-20,159323.XSHE,港股通汽车ETF华夏,-0.0022400028694639085,-0.01114984100000238,-0.008772695421889964,0.010979648101896666,normal,持有,159323.XSHE,9888.501589999976,113.10158999997657,7400,0.0,False,
2025-03-21,159323.XSHE,港股通汽车ETF华夏,-0.04415229102471141,-0.05480984100000241,-0.015167333754298795,-0.004354217639668367,weak,换仓,518880.XSHG,9451.901589999976,113.10158999997657,7400,0.0,False,
2025-03-24,518880.XSHG,黄金ETF华安,0.001744290272493343,-0.05316115500000229,0.005147265435410109,0.0007706354817869077,weak,换仓,513030.XSHG,9468.388449999977,654.3884499999767,1300,40.91314,False,
2025-03-25,513030.XSHG,德国ETF华安,-0.011716999211201617,-0.06425526500000234,-0.0006480551990545314,0.00012208086840193033,weak,换仓,159980.XSHE,9357.447349999977,101.44734999997672,5200,40.7411,False,
2025-03-26,159980.XSHE,有色ETF大成,0.003123166917952336,-0.061332778000002364,-0.003290695013096645,-0.00316901587559959,weak,换仓,513030.XSHG,9386.672219999977,74.57221999997819,5300,41.97513,False,
2025-03-27,513030.XSHG,德国ETF华安,-0.012223837938595827,-0.07280689400000229,0.0033296252449379615,0.0001500577340773912,weak,换仓,159980.XSHE,9271.931059999977,109.53105999997751,5200,41.441159999999996,False,
2025-03-28,159980.XSHE,有色ETF大成,-0.013382122795895568,-0.08521470600000214,-0.004384079991659018,-0.004234680122691237,weak,换仓,161226.XSHE,9147.852939999979,94.65293999997812,5200,40.878119999999996,False,
2025-03-31,161226.XSHE,国投白银LOF,-0.0004723742312368051,-0.08564682700000215,-0.00711591067565398,-0.01132045719285213,weak,换仓,511880.XSHG,9143.531729999979,89.03172999997878,9100,40.72121,False,
2025-04-01,,,-0.010178658832083576,-0.09495371600000213,9.518150083209775e-05,-0.01122635319012577,weak,现金防御,520830.XSHG,9050.462839999978,9050.462839999978,0,20.268890000000006,True,511880.XSHG
2025-04-02,520830.XSHG,沙特ETF华泰柏瑞,-0.013513402812888486,-0.10718397100000199,-0.0008462630669190396,-0.012063115808963798,weak,换仓,518880.XSHG,8928.16028999998,28.660289999979796,8500,20.30255,False,
2025-04-03,518880.XSHG,黄金ETF华安,-0.005203401203720759,-0.11182965100000186,-0.005892817147608698,-0.017884847220879796,weak,持有,518880.XSHG,8881.703489999982,368.9034899999806,1200,39.7568,False,
2025-04-07,518880.XSHG,黄金ETF华安,-0.029318699987360475,-0.13786965100000192,-0.07045448659847209,-0.08707926609051264,weak,换仓,511880.XSHG,8621.30348999998,368.9034899999806,1200,0.0,False,
2025-04-08,,,-0.0020682626496888457,-0.13965276300000184,0.01708344477132928,-0.07148343515216848,weak,现金防御,511880.XSHG,8603.472369999981,8603.472369999981,0,19.03112,True,511880.XSHG
2025-04-09,,,0.0,-0.13965276300000184,0.009869177924596517,-0.06231973996775009,weak,现金防御,511880.XSHG,8603.472369999981,8603.472369999981,0,0.0,True,511880.XSHG
2025-04-10,,,0.0,-0.13965276300000184,0.013108964709137139,-0.05002772253053278,weak,现金防御,518880.XSHG,8603.472369999981,8603.472369999981,0,0.0,True,511880.XSHG
2025-04-11,518880.XSHG,黄金ETF华安,-0.010742848471541167,-0.14889534300000196,0.004123026837156596,-0.04611096133597137,weak,持有,518880.XSHG,8511.04656999998,510.74656999998115,1100,18.7258,False,
2025-04-14,518880.XSHG,黄金ETF华安,0.006979165195661885,-0.1429553430000018,0.002298347962415903,-0.043918592407587,weak,持有,518880.XSHG,8570.446569999982,510.74656999998115,1100,0.0,False,
2025-04-15,518880.XSHG,黄金ETF华安,-0.000256696075523255,-0.1431753430000019,0.0005559782290631698,-0.043387031959753575,weak,持有,518880.XSHG,8568.246569999981,510.74656999998115,1100,0.0,False,
2025-04-16,518880.XSHG,黄金ETF华安,0.02285181669322567,-0.12359534300000197,0.0030814387846529456,-0.04043928765813243,weak,持有,518880.XSHG,8764.04656999998,510.74656999998115,1100,0.0,False,
2025-04-17,518880.XSHG,黄金ETF华安,0.007781793427873218,-0.11677534300000192,-0.00015903223583435544,-0.04059188874363495,normal,持有,518880.XSHG,8832.246569999981,510.74656999998115,1100,0.0,False,
2025-04-18,518880.XSHG,黄金ETF华安,0.0022417852403775473,-0.11479534300000183,7.952876555461508e-05,-0.040515588200883634,normal,持有,518880.XSHG,8852.046569999982,510.74656999998115,1100,0.0,False,
2025-04-21,518880.XSHG,黄金ETF华安,0.017521371896713767,-0.09928534300000191,0.0032763245787961193,-0.03737200583953448,normal,持有,518880.XSHG,9007.14656999998,510.74656999998115,1100,0.0,False,
2025-04-22,518880.XSHG,黄金ETF华安,0.031508313736700044,-0.07090534300000184,-0.00024571452727706333,-0.03760853752206328,normal,换仓,159865.XSHE,9290.946569999982,510.74656999998115,1100,0.0,False,
2025-04-23,159865.XSHE,养殖ETF国泰,-0.04693909783188033,-0.11451620800000206,0.0007743231279484508,-0.03686333555452648,normal,持有,159865.XSHE,8854.83791999998,6.237919999979567,15100,39.80865,False,
2025-04-24,159865.XSHE,养殖ETF国泰,0.008526412417947382,-0.106966208000002,-0.000665455467297571,-0.0375042601136365,normal,换仓,511880.XSHG,8930.33791999998,6.237919999979567,15100,0.0,False,
2025-04-25,,,-0.00225870176254217,-0.10898330500000208,0.0006949655952392941,-0.03683535868885113,normal,现金防御,511880.XSHG,8910.166949999979,8910.166949999979,0,20.170970000000004,True,511880.XSHG
2025-04-28,,,0.0,-0.10898330500000208,-0.0014180127225051908,-0.038201138404097446,normal,现金防御,518880.XSHG,8910.166949999979,8910.166949999979,0,0.0,True,511880.XSHG
2025-04-29,518880.XSHG,黄金ETF华安,-0.0075800005071733345,-0.11573721200000198,-0.0017294175512082566,-0.039864490236073524,normal,持有,518880.XSHG,8842.62787999998,573.9278799999793,1100,19.13907,False,
2025-04-30,518880.XSHG,黄金ETF华安,-0.005722280829485782,-0.12079721200000204,-0.001194676669103667,-0.04101154172876642,normal,持有,518880.XSHG,8792.02787999998,573.9278799999793,1100,0.0,False,
2025-05-06,518880.XSHG,黄金ETF华安,0.017640981365950825,-0.10528721200000202,0.010070095502801912,-0.03135443636789037,normal,持有,518880.XSHG,8947.12787999998,573.9278799999793,1100,0.0,False,
2025-05-07,518880.XSHG,黄金ETF华安,0.007253724420892116,-0.09879721200000202,0.006062690689870642,-0.025481837927473494,normal,持有,518880.XSHG,9012.02787999998,573.9278799999793,1100,0.0,False,
2025-05-08,518880.XSHG,黄金ETF华安,-0.013914737245575348,-0.11133721200000202,0.00555116229907382,-0.02007212944641379,normal,换仓,513030.XSHG,8886.62787999998,573.9278799999793,1100,0.0,False,
2025-05-09,513030.XSHG,德国ETF华安,-0.002185106686384719,-0.11327903500000214,-0.00174933167224689,-0.021786348306890635,normal,换仓,513520.XSHG,8867.209649999979,87.6096499999785,4700,38.81823,False,
2025-05-12,513520.XSHG,日经ETF华夏,0.00046831756143239645,-0.1128637680000023,0.011556981508829667,-0.010481151222588636,normal,换仓,513030.XSHG,8871.362319999977,44.66231999997581,6100,40.04733,False,
2025-05-13,513030.XSHG,德国ETF华安,-0.02068480616402124,-0.13121400900000246,0.0014522144342403731,-0.009044157667441155,normal,持有,513030.XSHG,8687.859909999976,11.659909999974843,4700,40.102410000000006,False,
2025-05-14,513030.XSHG,德国ETF华安,0.0043278782564992735,-0.12745400900000237,0.012050017195977647,0.0028968772731206016,normal,持有,513030.XSHG,8725.459909999976,11.659909999974843,4700,0.0,False,
2025-05-15,513030.XSHG,德国ETF华安,-0.02046883509204056,-0.14531400900000246,-0.00913215375290699,-0.006261731208447863,normal,持有,513030.XSHG,8546.859909999976,11.659909999974843,4700,0.0,False,
2025-05-16,513030.XSHG,德国ETF华安,0.023646111218406318,-0.12510400900000263,-0.004635032760032631,-0.010867740639194823,normal,换仓,513750.XSHG,8748.959909999974,11.659909999974843,4700,0.0,False,
2025-05-19,513750.XSHG,港股通非银ETF广发,0.00021751614129872365,-0.12491370500000243,-0.003070126944863749,-0.013904502240692396,normal,持有,513750.XSHG,8750.862949999975,34.16294999997626,6700,39.69696,False,
2025-05-20,513750.XSHG,港股通非银ETF广发,0.012250220419690372,-0.11419370500000237,0.005421508066492109,-0.008558377545258788,normal,持有,513750.XSHG,8858.062949999976,34.16294999997626,6700,0.0,False,
2025-05-21,513750.XSHG,港股通非银ETF广发,0.0015127460795476555,-0.11285370500000247,0.004671422744518594,-0.003926934600261278,normal,持有,513750.XSHG,8871.462949999976,34.16294999997626,6700,0.0,False,
2025-05-22,513750.XSHG,港股通非银ETF广发,-0.005286613973854215,-0.11754370500000244,-0.0006408979721069796,-0.004565315807946391,normal,持有,513750.XSHG,8824.562949999976,34.16294999997626,6700,0.0,False,
2025-05-23,513750.XSHG,港股通非银ETF广发,-0.006833199597720552,-0.12357370500000231,-0.00807385017897888,-0.012602306311072176,weak,换仓,159529.XSHE,8764.262949999977,34.16294999997626,6700,0.0,False,
2025-05-26,159529.XSHE,标普消费ETF景顺,0.004039690525259765,-0.12003321400000244,-0.005708000731530771,-0.018238373068960367,weak,持有,159529.XSHE,8799.667859999976,27.167859999975917,5500,39.69509,False,
2025-05-27,159529.XSHE,标普消费ETF景顺,-0.0012500471807580515,-0.12113321400000243,-0.0053651320817282855,-0.023505653870217857,weak,换仓,159509.XSHE,8788.667859999976,27.167859999975917,5500,0.0,False,
2025-05-28,159509.XSHE,纳指科技ETF景顺,0.01113898847464223,-0.1113435270000025,-0.0008230452674897748,-0.02430935292053049,weak,换仓,159529.XSHE,8886.564729999975,114.26472999997532,5700,40.00313,False,
2025-05-29,159529.XSHE,标普消费ETF景顺,0.004758584592001069,-0.10711478000000274,0.0058546910516548145,-0.018596985619890982,weak,持有,159529.XSHE,8928.852199999972,106.85219999997207,5500,40.31253,False,
2025-05-30,159529.XSHE,标普消费ETF景顺,-0.020943341407308802,-0.1258147800000028,-0.004786586155959172,-0.02329455570193939,weak,换仓,159509.XSHE,8741.852199999972,106.85219999997207,5500,0.0,False,
2025-06-03,159509.XSHE,纳指科技ETF景顺,-0.0083672027765469,-0.133129265000003,0.0030675246013911472,-0.020298487723242387,weak,持有,159509.XSHE,8668.70734999997,27.907349999970393,5600,39.44485,False,
2025-06-04,159509.XSHE,纳指科技ETF景顺,0.009044024308883847,-0.12528926500000304,0.0043431870633772185,-0.016043460789150865,normal,换仓,513120.XSHG,8747.10734999997,27.907349999970393,5600,0.0,False,
2025-06-05,513120.XSHG,港股创新药ETF广发,-0.025103777879209366,-0.147247809000003,0.0022798120318243686,-0.013800224832265728,normal,持有,513120.XSHG,8527.52190999997,79.52190999997038,8000,39.585440000000006,False,
2025-06-06,513120.XSHG,港股创新药ETF广发,0.022515333531403448,-0.128047809000003,-0.0009232610198165458,-0.01471074464242994,normal,持有,513120.XSHG,8719.52190999997,79.52190999997038,8000,0.0,False,
2025-06-09,513120.XSHG,港股创新药ETF广发,0.046791556258616085,-0.08724780900000295,0.0029091528608820028,-0.011844387586410154,normal,换仓,159892.XSHE,9127.52190999997,79.52190999997038,8000,0.0,False,
2025-06-10,159892.XSHE,恒生医药ETF华夏,0.027295924617506406,-0.06233339400000315,-0.005091049482015331,-0.01687513670513885,normal,换仓,515120.XSHG,9376.666059999969,64.16605999996864,12500,40.855850000000004,False,
2025-06-11,515120.XSHG,创新药ETF广发,-0.01092831602877864,-0.0725805110000034,0.007543713959751397,-0.009458723949722692,normal,持有,515120.XSHG,9274.194889999966,17.394889999966836,15200,41.671170000000004,False,
2025-06-12,515120.XSHG,创新药ETF广发,0.026223300554340856,-0.04826051100000328,-0.0006239360350021039,-0.010076758346007408,normal,持有,515120.XSHG,9517.394889999967,17.394889999966836,15200,0.0,False,
2025-06-13,515120.XSHG,创新药ETF广发,-0.02076198395504436,-0.06802051100000339,-0.007199013411438249,-0.01720322903896898,weak,换仓,161226.XSHE,9319.794889999966,17.394889999966836,15200,0.0,False,
2025-06-16,161226.XSHE,国投白银LOF,0.0006873284311086358,-0.06737993500000361,0.0024895320611360017,-0.014756524968080553,weak,持有,161226.XSHE,9326.200649999964,83.2006499999643,9000,41.394239999999996,False,
2025-06-17,161226.XSHE,国投白银LOF,0.0019300464010496565,-0.06557993500000359,-0.000882854045123671,-0.015626351155444196,weak,持有,161226.XSHE,9344.200649999964,83.2006499999643,9000,0.0,False,
2025-06-18,161226.XSHE,国投白银LOF,0.018300120727822833,-0.04847993500000358,0.0011859300637147019,-0.014458952851350904,weak,持有,161226.XSHE,9515.200649999964,83.2006499999643,9000,0.0,False,
2025-06-19,161226.XSHE,国投白银LOF,-0.021754664732162143,-0.06917993500000352,-0.008227160468339045,-0.02256715719437774,weak,换仓,159518.XSHE,9308.200649999964,83.2006499999643,9000,0.0,False,
2025-06-20,159518.XSHE,标普油气ETF嘉实,-0.013350996038101193,-0.08160731000000365,0.0009237358479763369,-0.021664267438488816,weak,持有,159518.XSHE,9183.926899999964,46.52689999996437,9700,41.17375,False,
2025-06-23,159518.XSHE,标普油气ETF嘉实,0.015842896136292195,-0.06705731000000359,0.0029272299981282224,-0.01880045373389405,weak,持有,159518.XSHE,9329.426899999964,46.52689999996437,9700,0.0,False,
2025-06-24,159518.XSHE,标普油气ETF嘉实,-0.05926409048770209,-0.12234731000000354,0.011957282459369223,-0.007067973610185296,normal,换仓,513120.XSHG,8776.526899999964,46.52689999996437,9700,0.0,False,
2025-06-25,513120.XSHG,港股创新药ETF广发,-0.003726880846226188,-0.12561821700000342,0.014354397891409576,0.007184967775737627,normal,持有,513120.XSHG,8743.817829999965,108.0178299999643,7400,39.60907,False,
2025-06-26,513120.XSHG,港股创新药ETF广发,-0.03131355265209157,-0.1529982170000036,-0.003547917082273866,0.0036115590235565875,normal,换仓,513750.XSHG,8470.017829999964,108.0178299999643,7400,0.0,False,
2025-06-27,513750.XSHG,港股通非银ETF广发,-0.013812284973667377,-0.16469724700000388,-0.0061479668121295905,-0.0025586115335898274,normal,换仓,159851.XSHE,8353.027529999961,108.52752999996119,5500,38.490300000000005,False,
2025-06-30,159851.XSHE,金融科技ETF华宝,0.005672434315561192,-0.15995904700000396,0.003651421810615618,0.0010834677070672427,normal,换仓,513090.XSHG,8400.40952999996,30.409529999960796,10000,38.117999999999995,False,
2025-07-01,513090.XSHG,香港证券ETF易方达,-0.0052820401007284135,-0.16439617700000397,0.0016971199772362056,0.0027824264589937364,normal,持有,513090.XSHG,8356.03822999996,103.0382299999601,4500,38.371300000000005,False,
2025-07-02,513090.XSHG,香港证券ETF易方达,-0.007539458085988215,-0.17069617700000395,0.0002333390822670811,0.003016414790097288,normal,换仓,159851.XSHE,8293.03822999996,103.0382299999601,4500,0.0,False,
2025-07-03,159851.XSHE,金融科技ETF华宝,0.010151190391895604,-0.16227775600000405,0.006184578870496615,0.00921964891576943,normal,持有,159851.XSHE,8377.22243999996,5.2224399999595335,10400,38.115790000000004,False,
2025-07-04,159851.XSHE,金融科技ETF华宝,0.013656077634247588,-0.15083775600000404,0.003560925084486799,0.012813404479350643,normal,换仓,515880.XSHG,8491.62243999996,5.2224399999595335,10400,0.0,False,
2025-07-07,515880.XSHG,通信ETF国泰,-0.011177411698488182,-0.16032919200000417,-0.004276530560996417,0.008482077002507804,normal,换仓,513090.XSHG,8396.708079999958,6.908079999959227,35400,38.71436,False,
2025-07-08,513090.XSHG,香港证券ETF易方达,0.02844062431666683,-0.13644843000000417,0.008393082768204163,0.016946350545040234,normal,持有,513090.XSHG,8635.515699999958,46.715699999958815,4400,38.39238,False,
2025-07-09,513090.XSHG,香港证券ETF易方达,-0.006623808234174078,-0.14216843000000412,-0.0017631832335028852,0.015153287790387271,normal,换仓,159851.XSHE,8578.31569999996,46.715699999958815,4400,0.0,False,
2025-07-10,159851.XSHE,金融科技ETF华宝,-0.007249314687730712,-0.14838712100000406,0.004665029814100219,0.019889008143811227,normal,持有,159851.XSHE,8516.128789999959,52.328789999959554,10100,38.88691,False,
2025-07-11,159851.XSHE,金融科技ETF华宝,0.03795151623112103,-0.11606712100000405,0.0011945077580659547,0.021107273476405286,normal,持有,159851.XSHE,8839.32878999996,52.328789999959554,10100,0.0,False,
2025-07-14,159851.XSHE,金融科技ETF华宝,-0.026280275971044875,-0.13929712100000413,0.0007123624779254989,0.021834671983966603,normal,换仓,515050.XSHG,8607.028789999958,52.328789999959554,10100,0.0,False,
2025-07-15,515050.XSHG,通信ETF华夏,0.0280909679634056,-0.11511914400000423,0.00034597167014704944,0.022188197832047063,normal,持有,515050.XSHG,8848.808559999958,9.908559999958015,20700,38.92023,False,
2025-07-16,515050.XSHG,通信ETF华夏,-0.007017893943453202,-0.12132914400000427,-0.0029509387767289175,0.019171783041949775,normal,持有,515050.XSHG,8786.708559999957,9.908559999958015,20700,0.0,False,
2025-07-17,515050.XSHG,通信ETF华夏,0.047116619058547915,-0.07992914400000428,0.006810241565182729,0.02611258908088354,normal,持有,515050.XSHG,9200.708559999957,9.908559999958015,20700,0.0,False,
2025-07-18,515050.XSHG,通信ETF华夏,-0.006749480172644318,-0.08613914400000411,0.005963579039730105,0.03223189260952952,normal,换仓,159363.XSHE,9138.608559999959,9.908559999958015,20700,0.0,False,
2025-07-21,159363.XSHE,创业板人工智能ETF华宝,-0.010660617462753152,-0.09588146500000416,0.00666740584691583,0.039114201565687345,normal,换仓,159892.XSHE,9041.185349999958,12.385349999958635,15200,40.82321,False,
2025-07-22,159892.XSHE,恒生医药ETF华夏,-0.00448589852214476,-0.09993724900000434,0.008162795763668074,0.04759627856819515,normal,换仓,516150.XSHG,9000.627509999957,54.227509999956965,10600,40.55784,False,
2025-07-23,516150.XSHG,稀土ETF嘉实,0.00725107887505505,-0.09341082300000436,0.00019665158195292243,0.047802290033623684,normal,换仓,562800.XSHG,9065.891769999957,50.29176999995616,6600,40.535740000000004,False,
2025-07-24,562800.XSHG,稀有金属ETF嘉实,0.0668551241705373,-0.03280069100000438,0.007104765557300441,0.05524667965471508,normal,换仓,560860.XSHG,9671.993089999956,21.39308999995592,14600,40.49868,False,
2025-07-25,560860.XSHG,工业有色ETF万家,-0.00797504705413321,-0.04051415100000444,-0.005273509052696523,0.04968182673672805,normal,持有,560860.XSHG,9594.858489999955,54.45848999995542,9200,42.534600000000005,False,
2025-07-28,560860.XSHG,工业有色ETF万家,0.0019176937334903776,-0.038674151000004486,0.002098295195727795,0.0518843690708124,normal,换仓,515120.XSHG,9613.258489999955,54.45848999995542,9200,0.0,False,
2025-07-29,515120.XSHG,创新药ETF广发,0.016657690019110216,-0.022660683000004567,0.0039169983219773385,0.05600459837937688,normal,持有,515120.XSHG,9773.393169999954,58.19316999995499,13800,42.26532,False,
2025-07-30,515120.XSHG,创新药ETF广发,-0.007059984060786562,-0.029560683000004584,-0.0001878603667614387,0.05580621696822363,normal,换仓,159992.XSHE,9704.393169999954,58.19316999995499,13800,0.0,False,
2025-07-31,159992.XSHE,创新药ETF银华,-0.016799661467137628,-0.045863735000004846,-0.018223470577465872,0.036565763437797605,weak,换仓,159509.XSHE,9541.362649999952,34.46264999995219,10300,42.530519999999996,False,
2025-08-01,159509.XSHE,纳指科技ETF景顺,-0.009804564969553953,-0.05521862600000482,-0.005069204704104213,0.031311199393665445,weak,持有,159509.XSHE,9447.813739999952,50.91373999995267,5300,42.04891,False,
2025-08-04,159509.XSHE,纳指科技ETF景顺,-0.009536597828822213,-0.06422862600000478,0.0038890930299659843,0.035322064590953106,weak,换仓,501018.XSHG,9357.713739999952,50.91373999995267,5300,0.0,False,
2025-08-05,501018.XSHG,南方原油LOF,0.013874938217548038,-0.051244856000004835,0.008045299334266787,0.0436515405079585,weak,换仓,159509.XSHE,9487.551439999952,31.951439999951617,7700,42.1623,False,
2025-08-06,159509.XSHE,纳指科技ETF景顺,-0.0019139659073091897,-0.05306074100000502,0.002446721661041318,0.0462050653386985,normal,换仓,515050.XSHG,9469.39258999995,114.59258999995109,5200,41.858850000000004,False,
2025-08-07,515050.XSHG,通信ETF华夏,0.004371984750502156,-0.0489207370000051,0.0002868610352766421,0.046505180806853286,normal,持有,515050.XSHG,9510.792629999949,14.192629999948622,20600,42.39995999999999,False,
2025-08-08,515050.XSHG,通信ETF华夏,-0.004331920756009633,-0.05304073700000522,-0.002357418699433955,0.044038129924564684,weak,换仓,159509.XSHE,9469.592629999948,14.192629999948622,20600,0.0,False,
2025-08-11,159509.XSHE,纳指科技ETF景顺,0.005256088825016381,-0.048063435000005095,0.004272869229251297,0.04849916832408452,normal,换仓,159892.XSHE,9519.365649999949,43.56564999994771,5100,42.026979999999995,False,
2025-08-12,159892.XSHE,恒生医药ETF华夏,-0.014319510880433706,-0.06169470100000529,0.005171606618298075,0.05392159356226944,normal,持有,159892.XSHE,9383.052989999947,2.0529899999473855,10600,42.112660000000005,False,
2025-08-13,159892.XSHE,恒生医药ETF华夏,0.03389088821505215,-0.02989470100000524,0.007903316497057,0.062251069479274834,normal,换仓,159583.XSHE,9701.052989999947,2.0529899999473855,10600,0.0,False,
2025-08-14,159583.XSHE,通信ETF富国,-0.013019062995552,-0.04252456300000507,-0.0007829372357286424,0.06141939356328696,normal,持有,159583.XSHE,9574.75436999995,19.054369999948904,11900,43.198620000000005,False,
2025-08-15,159583.XSHE,通信ETF富国,0.0049714069061805866,-0.03776456300000497,0.006958505359055511,0.06880528610160264,normal,持有,159583.XSHE,9622.35436999995,19.054369999948904,11900,0.0,False,
2025-08-18,159583.XSHE,通信ETF富国,0.05070484636495465,0.011025436999994698,0.00881887515318791,0.07823094648279993,normal,换仓,159363.XSHE,10110.254369999948,19.054369999948904,11900,0.0,False,
2025-08-19,159363.XSHE,创业板人工智能ETF华宝,0.015648711121399872,0.026846681999994626,-0.0037835453518295648,0.07415141079703624,normal,换仓,588790.XSHG,10268.466819999947,34.46681999994689,14000,44.08755,False,
2025-08-20,588790.XSHG,科创AIETF博时,0.02569977822648295,0.05323641399999457,0.01137243480916883,0.08636712769150234,normal,换仓,159819.XSHE,10532.364139999945,5.964139999945473,14400,44.10268,False,
2025-08-21,159819.XSHE,人工智能ETF易方达,-0.00910818110016487,0.04364334599999431,0.0039027016903123712,0.09060689451704373,normal,换仓,588200.XSHG,10436.433459999944,112.83345999994344,8400,45.530680000000004,False,
2025-08-22,588200.XSHG,科创芯片ETF嘉实,0.10065400445718997,0.14869022799999443,0.020972138980940302,0.11347925388242697,normal,换仓,588220.XSHG,11486.902279999944,49.50227999994422,16600,45.13118,False,
2025-08-25,588220.XSHG,科创100ETF鹏华,0.021028731168069248,0.17284572599999448,0.020835998172681558,0.13667970558164,normal,换仓,159949.XSHE,11728.457259999945,118.45725999994465,9000,49.645019999999995,False,
2025-08-26,159949.XSHE,创业板50ETF华安,-0.01193268107624934,0.15885053199999444,-0.003721007245112151,0.1324501121617987,normal,换仓,159915.XSHE,11588.505319999944,14.905319999943458,9200,49.35194,False,
2025-08-27,159915.XSHE,创业板ETF易方达,-0.012275243102706113,0.14462535999999426,-0.014926144109383532,0.11554699859098405,normal,换仓,159667.XSHE,11446.253599999942,123.05359999994107,4200,49.05172,False,
2025-08-28,159667.XSHE,工业母机ETF国泰,0.009249263881415448,0.15521230199999425,0.017703533638993685,0.13529612240641797,normal,换仓,516520.XSHG,11552.123019999943,39.32301999994161,24600,48.33058,False,
2025-08-29,516520.XSHG,智能驾驶ETF华泰柏瑞,-0.0021226470630160144,0.15276019399999408,0.007388356953075714,0.1436840954061993,normal,换仓,159667.XSHE,11527.60193999994,52.60193999994044,9000,49.12108,False,
2025-09-01,159667.XSHE,工业母机ETF国泰,0.00849649393774965,0.16255461399999427,0.00599320399576575,0.15053842749668145,normal,换仓,562590.XSHG,11625.546139999942,33.54613999994217,24000,49.055800000000005,False,
2025-09-02,562590.XSHG,半导体设备ETF华夏,-0.01773471607416488,0.14193703799999402,-0.0073523722785059364,0.14207924065699906,normal,换仓,159755.XSHE,11419.37037999994,14.570379999940997,26400,50.175760000000004,False,
2025-09-03,159755.XSHE,电池ETF广发,0.0004002611219271479,0.142394110999994,-0.006818915698872052,0.13429149859352707,normal,换仓,517520.XSHG,11423.94110999994,52.44110999993973,13300,48.62927,False,
2025-09-04,517520.XSHG,黄金股ETF永赢,-0.03894046509138571,0.09790875299999402,-0.02121605532049431,0.11022630740980044,weak,换仓,161226.XSHE,10979.08752999994,35.98752999994031,6300,48.653580000000005,False,
2025-09-05,161226.XSHE,国投白银LOF,-0.003622158024638944,0.09393195399999388,0.02178818430270235,0.1344161228133538,normal,换仓,516520.XSHG,10939.319539999939,7.419539999938934,9700,47.06799,False,
2025-09-08,516520.XSHG,智能驾驶ETF华泰柏瑞,0.014439373438395853,0.10972764599999363,0.0016254439143379429,0.13626005259650764,normal,持有,516520.XSHG,11097.276459999937,74.37645999993765,8700,46.84308,False,
2025-09-09,516520.XSHG,智能驾驶ETF华泰柏瑞,-0.014895546722281106,0.0931976459999937,-0.007008284145519683,0.12829681928470826,weak,换仓,161226.XSHE,10931.976459999938,74.37645999993765,8700,0.0,False,
2025-09-10,161226.XSHE,国投白银LOF,0.0009862882562408082,0.09427585399999372,0.0020512774273824252,0.13061126908149445,weak,换仓,513310.XSHG,10942.758539999937,85.15853999993669,9600,46.81792,False,
2025-09-11,513310.XSHG,中韩半导体ETF华泰柏瑞,0.036653675445168066,0.13438508599999377,0.023095992225601547,0.15672385816237822,normal,换仓,512400.XSHG,11343.850859999937,43.05085999993753,5600,46.90768,False,
2025-09-12,512400.XSHG,有色金属ETF南方,0.022915624791632894,0.16038022899999382,-0.005723357145841157,0.15010351440299963,normal,持有,512400.XSHG,11603.802289999938,1.3022899999377842,7500,48.84857,False,
2025-09-15,512400.XSHG,有色金属ETF南方,-0.007756078374203335,0.1513802289999937,0.002445820433436552,0.15291646107909362,normal,持有,512400.XSHG,11513.802289999938,1.3022899999377842,7500,0.0,False,
2025-09-16,512400.XSHG,有色金属ETF南方,-0.013027842255922684,0.1363802289999938,-0.002144246932535676,0.15044432349395498,normal,换仓,561330.XSHG,11363.802289999938,1.3022899999377842,7500,0.0,False,
2025-09-17,561330.XSHG,矿业ETF国泰,-0.006172784267966969,0.129365598999994,0.006119371968501319,0.15748432023846526,normal,持有,561330.XSHG,11293.65598999994,44.155989999939266,15100,48.1463,False,
2025-09-18,561330.XSHG,矿业ETF国泰,-0.03342584547769656,0.09161559899999383,-0.011625965168248209,0.14402744784857946,normal,换仓,513310.XSHG,10916.15598999994,44.155989999939266,15100,0.0,False,
2025-09-19,513310.XSHG,中韩半导体ETF华泰柏瑞,-0.03297670904755956,0.05561770899999363,0.0008470224160814777,0.14499646474151962,normal,换仓,159583.XSHE,10556.177089999937,164.17708999993738,4800,46.578900000000004,False,
2025-09-22,159583.XSHE,通信ETF富国,0.007064057315848027,0.06307465299999393,0.004595816895902161,0.15025865883992684,normal,换仓,515880.XSHG,10630.746529999939,27.14652999993814,9800,45.83056,False,
2025-09-23,515880.XSHG,通信ETF国泰,-0.0038724636961128267,0.05895793499999358,-0.0006257448685603739,0.1495388903866406,normal,换仓,517520.XSHG,10589.579349999936,10.379349999935584,23200,46.96718,False,
2025-09-24,517520.XSHG,黄金股ETF永赢,-0.03132845309856458,0.025782420999993505,0.010241648929815161,0.1613120641331498,normal,持有,517520.XSHG,10257.824209999935,30.22420999993483,5400,44.75514,False,
2025-09-25,517520.XSHG,黄金股ETF永赢,-0.004737846838184456,0.02092242099999342,0.006005164178385369,0.16828593374060907,normal,换仓,561980.XSHG,10209.224209999935,30.22420999993483,5400,0.0,False,
2025-09-26,561980.XSHG,半导体设备ETF招商,-0.012267641245191196,0.008398110999993547,-0.00945686177612226,0.15723761515023615,normal,换仓,588200.XSHG,10083.981109999935,38.98110999993514,24500,44.243100000000005,False,
2025-09-29,588200.XSHG,科创芯片ETF嘉实,0.00996442267234654,0.01844621599999341,0.015384446324765655,0.1750410751255147,normal,持有,588200.XSHG,10184.462159999934,44.662159999934374,12100,43.81895,False,
2025-09-30,588200.XSHG,科创芯片ETF嘉实,0.020197433773960105,0.03901621599999339,0.004467484118137133,0.18029055246679682,normal,换仓,159995.XSHE,10390.162159999934,44.662159999934374,12100,0.0,False,
2025-10-09,159995.XSHE,芯片ETF华夏,0.026442474695697937,0.0664903759999933,0.014823226718440496,0.19778626691964551,normal,换仓,159732.XSHE,10664.903759999932,70.10375999993266,10900,45.9584,False,
2025-10-10,159732.XSHE,消费电子ETF华夏,-0.06945244482918866,-0.007579988000006921,-0.019673084926573603,0.1742221159666517,normal,换仓,161226.XSHE,9924.20011999993,85.80011999993076,8600,45.10364,False,
2025-10-13,161226.XSHE,国投白银LOF,-0.018199320631998805,-0.025641358000006997,-0.004949283382754022,0.1684105579604358,weak,持有,161226.XSHE,9743.58641999993,87.58641999993051,7100,41.2137,False,
2025-10-14,161226.XSHE,国投白银LOF,-0.0029147378363376664,-0.02848135800000695,-0.011954775597629808,0.1544424719341173,weak,换仓,159502.XSHE,9715.18641999993,87.58641999993051,7100,0.0,False,
2025-10-15,159502.XSHE,标普生物科技ETF嘉实,0.0038920786864324874,-0.024700131000006897,0.014811436729190497,0.17154142356465973,weak,换仓,518880.XSHG,9752.998689999931,69.89868999993087,8700,42.787729999999996,False,
2025-10-16,518880.XSHG,黄金ETF华安,0.02471949886009872,-0.0005912070000071434,0.0026333556940618674,0.17462650884323305,weak,持有,518880.XSHG,9994.087929999929,750.0879299999287,1000,42.61076,False,
2025-10-17,518880.XSHG,黄金ETF华安,0.032419166438132585,0.03180879299999284,-0.02255966326146186,0.1481273303457431,weak,换仓,159502.XSHE,10318.087929999929,750.0879299999287,1000,0.0,False,
2025-10-20,159502.XSHE,标普生物科技ETF嘉实,-0.023437343395464216,0.007625935999992617,0.0053143060942841824,0.1542288304144137,weak,持有,159502.XSHE,10076.259359999925,71.25935999992544,8700,42.72857,False,
2025-10-21,159502.XSHE,标普生物科技ETF嘉实,0.014678066008019242,0.022415935999992476,0.015347426964757105,0.17194327308981583,weak,持有,159502.XSHE,10224.159359999925,71.25935999992544,8700,0.0,False,
2025-10-22,159502.XSHE,标普生物科技ETF嘉实,-0.0051055542232861795,0.017195935999992695,-0.0033204061746534563,0.16805194540950485,weak,换仓,513310.XSHG,10171.959359999926,71.25935999992544,8700,0.0,False,
2025-10-23,513310.XSHG,中韩半导体ETF华泰柏瑞,-0.027981938378487947,-0.011267178000007538,0.002998321201418852,0.17155414032178462,normal,持有,513310.XSHG,9887.328219999925,104.72821999992448,4100,43.53113999999999,False,
2025-10-24,513310.XSHG,中韩半导体ETF华泰柏瑞,0.043125907273664055,0.03137282199999247,0.011796784431891805,0.18537471196545097,normal,换仓,159502.XSHE,10313.728219999924,104.72821999992448,4100,0.0,False,
2025-10-27,159502.XSHE,标普生物科技ETF嘉实,0.02936053903503022,0.061654483999992404,0.011873803822618267,0.19944961875162126,normal,持有,159502.XSHE,10616.544839999924,78.7448399999248,9100,45.583380000000005,False,
2025-10-28,159502.XSHE,标普生物科技ETF嘉实,0.011142985009047646,0.07348448399999241,-0.005099639102463582,0.19333285857440052,normal,持有,159502.XSHE,10734.844839999925,78.7448399999248,9100,0.0,False,
2025-10-29,159502.XSHE,标普生物科技ETF嘉实,0.010172480518125582,0.08440448399999267,0.011907578266698193,0.20754256298609786,normal,持有,159502.XSHE,10844.044839999926,78.7448399999248,9100,0.0,False,
2025-10-30,159502.XSHE,标普生物科技ETF嘉实,-0.007552532399893841,0.07621448399999253,-0.007988896003235268,0.19789563103092167,normal,换仓,513310.XSHG,10762.144839999924,78.7448399999248,9100,0.0,False,
2025-10-31,513310.XSHG,中韩半导体ETF华泰柏瑞,-0.020421378198065776,0.05423670099999245,-0.014700917851933393,0.1802854657639461,normal,换仓,159502.XSHE,10542.367009999924,259.56700999992427,3800,46.277829999999994,False,
2025-11-03,159502.XSHE,标普生物科技ETF嘉实,0.014499546435350341,0.06952265499999233,0.002743138383035193,0.18352315212802184,normal,持有,159502.XSHE,10695.226549999923,82.42654999992374,8800,45.740460000000006,False,
2025-11-04,159502.XSHE,标普生物科技ETF嘉实,-0.03867145759525792,0.028162654999992487,-0.007456913224738848,0.17469772268313388,weak,换仓,513400.XSHG,10281.626549999924,82.42654999992374,8800,0.0,False,
2025-11-05,513400.XSHG,道琼斯ETF鹏华,-0.021741943155871968,0.005808400999992136,0.0018533353541041464,0.17687483150296823,weak,换仓,511880.XSHG,10058.084009999922,13.084009999922273,8200,43.94254,False,
2025-11-06,511880.XSHG,银华日利ETF,-0.0018691730931367223,0.0039283709999922145,0.014293556013709852,0.1936965578281813,normal,换仓,159509.XSHE,10039.283709999921,49.18370999992112,100,44.100300000000004,False,
2025-11-07,159509.XSHE,纳指科技ETF景顺,-0.00037866048114687523,0.0035482229999923565,-0.003112881919290822,0.18998072139619815,normal,换仓,513520.XSHG,10035.482229999923,161.88222999992286,4400,43.701480000000004,False,
2025-11-10,513520.XSHG,日经ETF华夏,0.012968248761474843,0.016562485999992438,0.0034752574917873424,0.19411621081331276,normal,换仓,513310.XSHG,10165.624859999924,133.92485999992277,5100,43.85737,False,
2025-11-11,513310.XSHG,中韩半导体ETF华泰柏瑞,-0.018959673670271848,-0.0027112070000077093,-0.009133023077496527,0.18321031990274217,weak,持有,513310.XSHG,9972.887929999923,231.2879299999222,3600,43.936930000000004,False,
2025-11-12,513310.XSHG,中韩半导体ETF华泰柏瑞,-0.005775659007129841,-0.008471207000007808,-0.001345608608455895,0.18161818191066725,weak,换仓,513290.XSHG,9915.287929999922,231.2879299999222,3600,0.0,False,
2025-11-13,513290.XSHG,纳指生物科技ETF汇添富,0.0029761273911890207,-0.005520291000007838,0.012088051641120812,0.19590164351369066,normal,换仓,513310.XSHG,9944.797089999922,90.99708999992072,6600,43.09084,False,
2025-11-14,513310.XSHG,中韩半导体ETF华泰柏瑞,-0.045093538454488935,-0.05036490000000793,-0.015722862483969702,0.17709864642837148,weak,换仓,513290.XSHG,9496.35099999992,46.55099999992126,3700,43.14609,False,
2025-11-17,513290.XSHG,纳指生物科技ETF汇添富,0.022877899100401944,-0.028639244000007946,-0.006501531932914806,0.16944570199042652,weak,持有,513290.XSHG,9713.60755999992,100.80755999992107,6400,42.543440000000004,False,
2025-11-18,513290.XSHG,纳指生物科技ETF汇添富,-0.014495129552052899,-0.04271924400000793,-0.00649405726340524,0.1618512546352575,weak,持有,513290.XSHG,9572.807559999921,100.80755999992107,6400,0.0,False,
2025-11-19,513290.XSHG,纳指生物科技ETF汇添富,-0.006685603946268048,-0.04911924400000789,0.0043999921194171066,0.16696339099958757,weak,换仓,159518.XSHE,9508.807559999921,100.80755999992107,6400,0.0,False,
2025-11-20,159518.XSHE,标普油气ETF嘉实,-0.0013374715935464687,-0.050391020000007836,-0.005086862425871086,0.1610272087735447,weak,换仓,513290.XSHG,9496.089799999922,20.289799999920433,10200,42.117760000000004,False,
2025-11-21,513290.XSHG,纳指生物科技ETF汇添富,-0.037349071825332425,-0.08585803400000824,-0.024390190473061124,0.13270953400715135,weak,换仓,159502.XSHE,9141.419659999918,108.01965999991808,6200,41.27014,False,
2025-11-24,159502.XSHE,标普生物科技ETF嘉实,0.02006576295831053,-0.06751507800000833,-0.0012484254346473156,0.1312954306148293,weak,换仓,513290.XSHG,9324.849219999916,39.849219999916386,7500,41.37044,False,
2025-11-25,513290.XSHG,纳指生物科技ETF汇添富,0.039240854341664466,-0.030923573000008364,0.009521026067602634,0.14206652389987284,weak,持有,513290.XSHG,9690.764269999916,144.264269999916,6100,42.084950000000006,False,
2025-11-26,513290.XSHG,纳指生物科技ETF汇添富,0.018883959500131553,-0.012623573000008381,0.006064047746303425,0.14899206983025648,weak,持有,513290.XSHG,9873.764269999916,144.264269999916,6100,0.0,False,
2025-11-27,513290.XSHG,纳指生物科技ETF汇添富,-0.0006177988286123481,-0.013233573000008492,-0.0004936216556027384,0.14842490246247242,weak,持有,513290.XSHG,9867.664269999916,144.264269999916,6100,0.0,False,
2025-11-28,513290.XSHG,纳指生物科技ETF汇添富,0.009272711099239883,-0.004083573000008389,0.002493688266820282,0.1512887161670673,normal,持有,513290.XSHG,9959.164269999916,144.264269999916,6100,0.0,False,
2025-12-01,513290.XSHG,纳指生物科技ETF汇添富,-0.010412520286704696,-0.01445357300000838,0.011008116359523257,0.1639622363180404,normal,持有,513290.XSHG,9855.464269999917,144.264269999916,6100,0.0,False,
2025-12-02,513290.XSHG,纳指生物科技ETF汇添富,-0.017949433446629803,-0.032143573000008474,-0.004842138844398214,0.1583261695601521,normal,换仓,161226.XSHE,9678.564269999915,144.264269999916,6100,0.0,False,
2025-12-03,161226.XSHE,国投白银LOF,0.022363057573621115,-0.010499344000008404,-0.005111619052637795,0.15240524744265938,normal,换仓,159502.XSHE,9895.006559999916,156.8065599999154,5800,42.157709999999994,False,
2025-12-04,159502.XSHE,标普生物科技ETF嘉实,0.008337647832747042,-0.00224923600000837,0.0034252546319284427,0.15635252885432105,normal,持有,159502.XSHE,9977.507639999916,2.307639999915409,7400,43.29892,False,
2025-12-05,159502.XSHE,标普生物科技ETF嘉实,0.003708340933928911,0.0014507639999916666,0.008351350578568173,0.16600963421519732,normal,持有,159502.XSHE,10014.507639999916,2.307639999915409,7400,0.0,False,
2025-12-08,159502.XSHE,标普生物科技ETF嘉实,-0.013300703817726744,-0.011869236000008443,0.008116408625510996,0.1754734448677704,normal,持有,159502.XSHE,9881.307639999915,2.307639999915409,7400,0.0,False,
2025-12-09,159502.XSHE,标普生物科技ETF嘉实,0.0022466662114772884,-0.009649236000008332,-0.005091145129009544,0.16948893896465167,normal,持有,159502.XSHE,9903.507639999916,2.307639999915409,7400,0.0,False,
2025-12-10,159502.XSHE,标普生物科技ETF嘉实,-0.017933040136474454,-0.02740923600000844,-0.0013896681759464347,0.16786373740405103,normal,持有,159502.XSHE,9725.907639999916,2.307639999915409,7400,0.0,False,
2025-12-11,159502.XSHE,标普生物科技ETF嘉实,-0.003804272194384173,-0.031109236000008478,-0.008634901553411067,0.15777934900376844,weak,换仓,159509.XSHE,9688.907639999916,2.307639999915409,7400,0.0,False,
2025-12-12,159509.XSHE,纳指科技ETF景顺,-0.002395835615582431,-0.033430539000008475,0.006320048855712912,0.16509657105360764,normal,换仓,159206.XSHE,9665.694609999915,47.09460999991461,4100,43.31303,False,
2025-12-15,159206.XSHE,卫星ETF永赢,0.010073001882272337,-0.02369428300000853,-0.00630655213438247,0.15774882878666774,weak,换仓,159502.XSHE,9763.057169999915,82.05716999991455,7000,42.23744000000001,False,
2025-12-16,159502.XSHE,标普生物科技ETF嘉实,-0.028442314242845268,-0.051462677000008616,-0.011974798223222116,0.14388502016877558,weak,换仓,518880.XSHG,9485.373229999914,125.37322999991375,7200,42.483940000000004,False,
2025-12-17,518880.XSHG,黄金ETF华安,-0.005337892223351237,-0.05652586700000861,0.01830552189525414,0.16482443245112832,normal,换仓,515880.XSHG,9434.741329999913,124.74132999991343,1000,41.6319,False,
2025-12-18,515880.XSHG,通信ETF国泰,-0.00635491932453458,-0.06252156900000883,-0.005915002139794123,0.15793449344069543,weak,换仓,518880.XSHG,9374.784309999912,24.384309999912148,19200,41.75702,False,
2025-12-19,518880.XSHG,黄金ETF华安,0.014363018449008003,-0.049056549000008776,0.003380344799562618,0.16184871128383183,weak,换仓,159980.XSHE,9509.434509999912,196.43450999991182,1000,41.949799999999996,False,
2025-12-22,159980.XSHE,有色ETF大成,0.004171517239882849,-0.045089672000008574,0.009509257516122416,0.17289702987420474,normal,换仓,515880.XSHG,9549.103279999914,72.5032799999135,4900,42.03123,False,
2025-12-23,515880.XSHG,通信ETF国泰,-0.01185764010293533,-0.05641265500000847,0.0019754446376760715,0.17521402302241595,normal,持有,515880.XSHG,9435.873449999915,15.073449999914374,18400,42.12983,False,
2025-12-24,515880.XSHG,通信ETF国泰,0.021450054525689044,-0.036172655000008436,0.0028848255578666215,0.17860431047199432,normal,换仓,159363.XSHE,9638.273449999915,15.073449999914374,18400,0.0,False,
2025-12-25,159363.XSHE,创业板人工智能ETF华宝,-0.004412881645311728,-0.040425911000008474,0.001829928831305505,0.18076107248042805,normal,持有,159363.XSHE,9595.740889999915,82.14088999991509,9600,42.532560000000004,False,
2025-12-26,159363.XSHE,创业板人工智能ETF华宝,-0.007003106979475926,-0.047145911000008534,0.003166370133590668,0.18449979907523661,normal,换仓,159638.XSHE,9528.540889999915,82.14088999991509,9600,0.0,False,
2025-12-29,159638.XSHE,高端装备ETF嘉实,0.00979846978439114,-0.03780939900000846,-0.003837036528072435,0.1799548300786904,normal,持有,159638.XSHE,9621.906009999915,72.30600999991475,9200,41.83488,False,
2025-12-30,159638.XSHE,高端装备ETF嘉实,-0.00764921211280889,-0.04516939900000849,0.0025671589030407116,0.1829839616259128,normal,换仓,159227.XSHE,9548.306009999915,72.30600999991475,9200,0.0,False,
2025-12-31,159227.XSHE,航空航天ETF华夏,0.023721152187915706,-0.022519717000008654,-0.0045879843827936195,0.17755644968487783,normal,换仓,159583.XSHE,9774.802829999913,83.30282999991323,7100,42.00318000000001,False,
2026-01-05,159583.XSHE,通信ETF富国,0.016911094052216136,-0.005989456000008997,0.018965688540240278,0.19988961854815224,normal,换仓,512670.XSHG,9940.10543999991,120.30543999991096,7400,43.29739000000001,False,
2026-01-06,512670.XSHG,国防ETF鹏华,0.02224236768257093,0.01611969199999108,0.015460759896136933,0.2184408238423925,normal,换仓,159583.XSHE,10161.196919999911,48.79691999991155,10600,43.108520000000006,False,
2026-01-07,159583.XSHE,通信ETF富国,-0.001877583925418258,0.014211841999991037,-0.0029265095424666487,0.21487504514448674,normal,持有,159583.XSHE,10142.11841999991,39.61841999990975,7500,44.1785,False,
2026-01-08,159583.XSHE,通信ETF富国,0.0007394904781639067,0.014961841999991066,-0.008168870782365167,0.20495088788398141,normal,换仓,159516.XSHE,10149.61841999991,39.61841999990975,7500,0.0,False,
2026-01-09,159516.XSHE,半导体设备ETF国泰,0.007604362726377323,0.02267997999999105,0.004489567612635081,0.21036059636504123,normal,换仓,159870.XSHE,10226.79979999991,11.799799999909737,22700,44.21862,False,
2026-01-12,159870.XSHE,化工ETF鹏华,-0.015988928423141813,0.006328422999990924,0.006514083027241435,0.2182449857826645,normal,持有,159870.XSHE,10063.28422999991,80.4842299999109,11800,44.615570000000005,False,
2026-01-13,159870.XSHE,化工ETF鹏华,0.005862897107100862,0.01222842299999094,-0.006031415973544507,0.21089724351572436,normal,持有,159870.XSHE,10122.28422999991,80.4842299999109,11800,0.0,False,
2026-01-14,159870.XSHE,化工ETF鹏华,0.005828723898617438,0.018128422999990956,-0.004011736956078704,0.20603944229389848,normal,持有,159870.XSHE,10181.28422999991,80.4842299999109,11800,0.0,False,
2026-01-15,159870.XSHE,化工ETF鹏华,0.010430904157166632,0.02874842299999103,0.002003403677405702,0.20845562614768642,normal,持有,159870.XSHE,10287.48422999991,80.4842299999109,11800,0.0,False,
2026-01-16,159870.XSHE,化工ETF鹏华,-0.006882149067459653,0.021668422999991055,-0.0041166554068986505,0.20348083076030843,normal,持有,159870.XSHE,10216.684229999912,80.4842299999109,11800,0.0,False,
2026-01-19,159870.XSHE,化工ETF鹏华,0.032339259251042085,0.054708422999991235,0.0005473523152581539,0.20413955877939394,normal,持有,159870.XSHE,10547.084229999911,80.4842299999109,11800,0.0,False,
2026-01-20,159870.XSHE,化工ETF鹏华,0.014544304061180346,0.07004842299999114,-0.00329076600076883,0.2001770172591819,weak,换仓,518880.XSHG,10700.48422999991,80.4842299999109,11800,0.0,False,
2026-01-21,518880.XSHG,黄金ETF华安,-0.0031470071144621414,0.0666809729999911,0.0008879225578950489,0.20124268150627356,weak,换仓,159980.XSHE,10666.809729999912,289.8097299999117,1000,45.6745,False,
2026-01-22,159980.XSHE,有色ETF大成,-0.01652267870723556,0.049056545999990986,0.00013550508461657174,0.20140545599747606,weak,换仓,518880.XSHG,10490.565459999909,151.56545999990885,4900,45.144270000000006,False,
2026-01-23,518880.XSHG,黄金ETF华安,0.004130208249041534,0.053389367999991055,-0.004490114761490416,0.1960110076249666,normal,换仓,588080.XSHG,10533.89367999991,978.593679999909,900,43.97178,False,
2026-01-26,588080.XSHG,科创50ETF易方达,0.00601891968212831,0.05972963399999087,0.0009484316852736985,0.19714534236053427,normal,持有,588080.XSHG,10597.296339999908,118.49633999990692,6700,44.697340000000004,False,
2026-01-27,588080.XSHG,科创50ETF易方达,0.014541444822897098,0.07513963399999057,-0.00026981321277441683,0.19682233672955407,normal,持有,588080.XSHG,10751.396339999907,118.49633999990692,6700,0.0,False,
2026-01-28,588080.XSHG,科创50ETF易方达,-0.0024926994738619923,0.07245963399999078,0.0026138568413984764,0.1999506589823532,normal,换仓,516190.XSHG,10724.596339999907,118.49633999990692,6700,0.0,False,
2026-01-29,516190.XSHG,传媒ETF华夏,0.04590624620189687,0.12169222999999052,0.007604933456832219,0.20907620389539594,normal,持有,516190.XSHG,11216.922299999906,29.72229999990668,7600,45.97404,False,
2026-01-30,516190.XSHG,传媒ETF华夏,-0.0074530247927275806,0.1133322299999906,-0.00999816991209257,0.19698765457218181,weak,换仓,513520.XSHG,11133.322299999907,29.72229999990668,7600,0.0,False,
2026-02-02,513520.XSHG,日经ETF华夏,-0.03838088474273349,0.07060155399999068,-0.021324426199552216,0.17146257967048228,weak,换仓,511880.XSHG,10706.015539999906,5.015539999905741,5800,47.50676,False,
2026-02-03,511880.XSHG,银华日利ETF,0.022258530179566804,0.09443157099999033,0.011752113556724009,0.18522974093422273,weak,换仓,520830.XSHG,10944.315709999904,929.8157099999044,100,45.69983,False,
2026-02-04,520830.XSHG,沙特ETF华泰柏瑞,-0.003086551128010151,0.09105355199999043,0.008276628663272056,0.19503944738060142,weak,换仓,513520.XSHG,10910.535519999905,43.035519999904864,11500,45.48019000000001,False,
2026-02-05,513520.XSHG,日经ETF华夏,-0.0073923438361162,0.08298810899999065,-0.0060144551235666865,0.18785193625343877,weak,换仓,159518.XSHE,10829.881089999906,108.18108999990545,5700,46.95443,False,
2026-02-06,159518.XSHE,标普油气ETF嘉实,-0.005890425709189517,0.07660884799999068,-0.005742524226943102,0.18103066773148213,weak,持有,159518.XSHE,10766.088479999906,73.18847999990612,10900,45.892610000000005,False,
2026-02-09,159518.XSHE,标普油气ETF嘉实,0.019236327138192122,0.09731884799999069,0.0162503230252391,0.20022279758483252,normal,换仓,501018.XSHG,10973.188479999906,73.18847999990612,10900,0.0,False,
2026-02-10,501018.XSHG,南方原油LOF,0.03808301486497401,0.13910805799999038,0.001110390628642044,0.20155551373155323,normal,持有,501018.XSHG,11391.080579999903,91.58057999990342,8100,47.207899999999995,False,
2026-02-11,501018.XSHG,南方原油LOF,-0.03342088551883482,0.10103805799999055,-0.0022183180577017847,0.19889008143811138,normal,换仓,513310.XSHG,11010.380579999905,91.58057999990342,8100,0.0,False,
2026-02-12,513310.XSHG,中韩半导体ETF华泰柏瑞,0.026093823725028553,0.12976835099999007,0.001221938894569563,0.20035505185893432,normal,持有,513310.XSHG,11297.6835099999,326.78350999990107,3100,47.49707,False,
2026-02-13,513310.XSHG,中韩半导体ETF华泰柏瑞,0.01756112213839156,0.14960835099999015,-0.012537132541454943,0.18530604147697383,weak,持有,513310.XSHG,11496.083509999902,326.78350999990107,3100,0.0,False,
2026-02-24,513310.XSHG,中韩半导体ETF华泰柏瑞,0.06687494913648262,0.2264883509999902,0.010112844148905342,0.19729285674318642,normal,持有,513310.XSHG,12264.883509999901,326.78350999990107,3100,0.0,False,
2026-02-25,513310.XSHG,中韩半导体ETF华泰柏瑞,0.022747871985292267,0.25438835099999024,0.006022253661147836,0.20450325803317426,normal,持有,513310.XSHG,12543.883509999901,326.78350999990107,3100,0.0,False,
2026-02-26,513310.XSHG,中韩半导体ETF华泰柏瑞,0.09391031087469082,0.3721883509999899,-0.0019046050478369603,0.20220915504778825,normal,换仓,513350.XSHG,13721.8835099999,326.78350999990107,3100,0.0,False,
2026-02-27,513350.XSHG,标普油气ETF富国,-0.0032091090095547337,0.36778484899998976,-0.003431446178972619,0.19808383903637372,normal,持有,513350.XSHG,13677.848489999898,40.44848999989881,11900,55.93502,False,
2026-03-02,513350.XSHG,标普油气ETF富国,0.10005228534301525,0.5046348489999899,0.0038253744175433813,0.2026669583042957,normal,换仓,513520.XSHG,15046.348489999898,40.44848999989881,11900,0.0,False,
2026-03-03,513520.XSHG,日经ETF华夏,0.030546694455832357,0.5505964699999899,-0.01538910518179537,0.18415898998428104,weak,换仓,518880.XSHG,15505.964699999899,121.36469999989822,7700,65.38379,False,
2026-03-04,518880.XSHG,黄金ETF华安,-0.03482476069354168,0.4965973189999897,-0.011443544749672352,0.17060801359166922,weak,持有,518880.XSHG,14965.973189999897,691.9731899998969,1300,59.69151000000001,False,
2026-03-05,518880.XSHG,黄金ETF华安,-0.001389819408062154,0.49451731899998985,0.00979224876266116,0.18207089846432356,weak,换仓,159985.XSHE,14945.173189999898,691.9731899998969,1300,0.0,False,
2026-03-06,159985.XSHE,豆粕ETF华夏,-0.0030734431388683703,0.48992400499998934,0.0027432982836634867,0.18531367153124934,weak,持有,159985.XSHE,14899.240049999893,17.240049999893017,7000,58.93314,False,
2026-03-09,159985.XSHE,豆粕ETF华夏,0.04980119774632441,0.5641240049999894,-0.009651449219386876,0.1738736768214204,weak,换仓,511880.XSHG,15641.240049999895,17.240049999893017,7000,0.0,False,
2026-03-10,511880.XSHG,银华日利ETF,-0.04763842301621135,0.4896116039999894,0.012848123480649898,0.18895575077190663,weak,换仓,159985.XSHE,14896.116039999893,4871.516039999893,100,52.424009999999996,False,
2026-03-11,159985.XSHE,豆粕ETF华夏,0.012688479298393007,0.5085125099999892,0.006361823922511389,0.19651967790997493,normal,换仓,159667.XSHE,15085.125099999892,50.32509999989088,6700,52.190940000000005,False,
2026-03-12,159667.XSHE,工业母机ETF国泰,-0.005305258621952302,0.5005094609999889,-0.003600807737272782,0.1922112405959575,normal,换仓,159611.XSHE,15005.09460999989,43.89460999988842,22600,61.73049,False,
2026-03-13,159611.XSHE,电力ETF广发,-0.03800969836070922,0.4434755489999891,-0.003929549701763846,0.1875263872710342,normal,持有,159611.XSHE,14434.75548999989,50.95548999988932,12200,60.13912,False,
2026-03-16,159611.XSHE,电力ETF广发,-0.027045833943668995,0.4044355489999889,0.000518296731303769,0.18814187831589368,normal,持有,159611.XSHE,14044.355489999889,50.95548999988932,12200,0.0,False,
2026-03-17,159611.XSHE,电力ETF广发,-0.006080734716577774,0.3958955489999887,-0.007303770046836799,0.17946396325365765,weak,换仓,159985.XSHE,13958.955489999888,50.95548999988932,12200,0.0,False,
2026-03-18,159985.XSHE,豆粕ETF华夏,-0.009767086090192945,0.3822617169999887,0.0045046404913056115,0.18477702438056598,weak,持有,159985.XSHE,13822.617169999887,91.51716999988821,6100,57.03832,False,
2026-03-19,159985.XSHE,豆粕ETF华夏,-0.003089140028609938,0.3779917169999889,-0.01611736394802432,0.16568154188136708,weak,持有,159985.XSHE,13779.91716999989,91.51716999988821,6100,0.0,False,
2026-03-20,159985.XSHE,豆粕ETF华夏,-0.017264254716852112,0.3542017169999889,-0.0035411552937325563,0.16155368251852753,weak,换仓,511880.XSHG,13542.017169999888,91.51716999988821,6100,0.0,False,
2026-03-23,511880.XSHG,银华日利ETF,-0.010475451937416391,0.3400158419999888,-0.032629592162942256,0.1236526595825842,weak,持有,511880.XSHG,13400.158419999887,3372.2584199998873,100,49.758750000000006,False,
2026-03-24,511880.XSHG,银华日利ETF,2.9850393365782324e-05,0.3400558419999886,0.012838388411045676,0.13807854886540993,weak,持有,511880.XSHG,13400.558419999887,3372.2584199998873,100,0.0,False,
2026-03-25,511880.XSHG,银华日利ETF,1.4924751173150952e-05,0.34007584199998875,0.014023223799477957,0.15403807905753464,weak,持有,511880.XSHG,13400.758419999887,3372.2584199998873,100,0.0,False,
2026-03-26,511880.XSHG,银华日利ETF,9.700943478385682e-05,0.3402058419999887,-0.013210004694246047,0.13879323061584592,weak,持有,511880.XSHG,13402.058419999887,3372.2584199998873,100,0.0,False,
2026-03-27,511880.XSHG,银华日利ETF,-1.4923080748574513e-05,0.3401858419999888,0.0055923690070194265,0.14516178258414558,weak,持有,511880.XSHG,13401.858419999888,3372.2584199998873,100,0.0,False,
2026-03-30,511880.XSHG,银华日利ETF,0.0,0.3401858419999888,-0.002358652947094586,0.14246074337075343,weak,持有,511880.XSHG,13401.858419999888,3372.2584199998873,100,0.0,False,
2026-03-31,511880.XSHG,银华日利ETF,0.00011938642760256357,0.3403458419999885,-0.009327797504424473,0.13180410089983674,weak,换仓,520830.XSHG,13403.458419999886,3372.2584199998873,100,0.0,False,
2026-04-01,520830.XSHG,沙特ETF华泰柏瑞,0.006930354621117241,0.34963491399998836,0.017082954124110872,0.15113865843298924,normal,换仓,512800.XSHG,13496.349139999884,25.7491399998853,14300,49.70928,False,
2026-04-02,512800.XSHG,银行ETF华宝,-0.0076546448916184895,0.3393039379999885,-0.010419635577885389,0.13914421311250158,weak,换仓,520830.XSHG,13393.039379999884,30.03937999988375,16600,55.30976,False,
2026-04-03,520830.XSHG,沙特ETF华泰柏瑞,-0.008235788521962939,0.3282737139999883,-0.00851099932796151,0.12944895748024976,weak,持有,520830.XSHG,13282.737139999883,26.637139999882493,14300,55.40224,False,
2026-04-07,520830.XSHG,沙特ETF华泰柏瑞,-0.004306341335909236,0.32255371399998833,-3.828147694440176e-05,0.12940572050602417,weak,持有,520830.XSHG,13225.537139999884,26.637139999882493,14300,0.0,False,
2026-04-08,520830.XSHG,沙特ETF华泰柏瑞,0.01297489834881671,0.3397137139999882,0.034891524156536846,0.168812407485591,normal,换仓,513120.XSHG,13397.137139999882,26.637139999882493,14300,0.0,False,
2026-04-09,513120.XSHG,港股创新药ETF广发,-0.01779384935071293,0.3158750499999883,-0.006384423225896385,0.16135021440452424,normal,持有,513120.XSHG,13158.750499999884,15.950499999882595,10300,55.286640000000006,False,
2026-04-10,513120.XSHG,港股创新药ETF广发,0.0046964945493874755,0.32205504999998835,0.015406616413575991,0.179242691679679,normal,持有,513120.XSHG,13220.550499999883,15.950499999882595,10300,0.0,False,
2026-04-13,513120.XSHG,港股创新药ETF广发,-0.007790900991604066,0.3117550499999884,0.0020661825444239224,0.1816792223448671,normal,持有,513120.XSHG,13117.550499999883,15.950499999882595,10300,0.0,False,
2026-04-14,513120.XSHG,港股创新药ETF广发,0.007066868162619144,0.32102504999998827,0.011865738299452255,0.1957007187511115,normal,换仓,515880.XSHG,13210.250499999882,15.950499999882595,10300,0.0,False,
2026-04-15,515880.XSHG,通信ETF国泰,-0.0026901215839925108,0.31747133199998845,-0.0034097096960826745,0.19162372641677283,normal,持有,515880.XSHG,13174.713319999884,59.713319999884334,21500,55.63718,False,
2026-04-16,515880.XSHG,通信ETF国泰,0.0359021094813472,0.36477133199998835,0.010962061789658861,0.20468637933577694,normal,持有,515880.XSHG,13647.713319999884,59.713319999884334,21500,0.0,False,
2026-04-17,515880.XSHG,通信ETF国泰,0.048836019952388954,0.43142133199998844,-0.0016763043611358608,0.20266695830429549,normal,换仓,159967.XSHE,14314.213319999884,59.713319999884334,21500,0.0,False,
2026-04-20,159967.XSHE,创业板成长ETF华夏,0.003996471808902724,0.43714196699998853,0.006084163200223314,0.2099841803541349,normal,换仓,159363.XSHE,14371.419669999885,11.619669999883627,18200,58.59365,False,
2026-04-21,159363.XSHE,创业板人工智能ETF华宝,-0.012639131287716543,0.4189777409999884,0.0022196811730679222,0.21266995945897693,normal,换仓,562800.XSHG,14189.777409999884,3.9774099998830934,11100,58.24226,False,
2026-04-22,562800.XSHG,稀有金属ETF嘉实,0.005630565419841416,0.42696738799998757,0.006633808724832324,0.2207145800163779,normal,持有,562800.XSHG,14269.673879999877,57.17387999987659,12500,57.70353,False,
2026-04-23,562800.XSHG,稀有金属ETF嘉实,-0.041171228224313405,0.36821738799998793,-0.00277104693486796,0.2173319226210748,normal,换仓,588200.XSHG,13682.173879999878,57.17387999987659,12500,0.0,False,
2026-04-24,588200.XSHG,科创芯片ETF嘉实,0.00827238061675617,0.37953580299998757,-0.003543424711626608,0.21301839860420735,normal,换仓,159949.XSHE,13795.358029999876,50.858029999875725,14700,55.81585,False,
2026-04-27,159949.XSHE,创业板50ETF华安,0.0036383354379676547,0.3845550169999874,0.0003312806513229294,0.21342024812936367,normal,换仓,159667.XSHE,13845.550169999875,36.3501699998742,7900,57.50786,False,
2026-04-28,159667.XSHE,工业母机ETF国泰,-0.030626406664489236,0.3421510719999872,-0.002670327712510079,0.2101800184138629,weak,换仓,513100.XSHG,13421.510719999871,55.51071999987107,20500,56.33945,False,
2026-04-29,513100.XSHG,纳指ETF国泰,-0.009276164404837028,0.32970105799998684,0.010957902236345296,0.22344105274402049,normal,换仓,588080.XSHG,13297.01057999987,151.61057999986951,6700,54.700140000000005,False,
2026-04-30,588080.XSHG,科创50ETF易方达,0.04315932115322152,0.3870900529999868,-0.0006319706466265673,0.22266787391080833,normal,换仓,588220.XSHG,13870.900529999868,85.10052999986874,8600,55.01005,False,
2026-05-06,588220.XSHG,科创100ETF鹏华,0.04769253074587554,0.45324388799998694,0.014515394264151826,0.24041538015473596,normal,换仓,588790.XSHG,14532.438879999869,39.93887999986873,8500,58.66165,False,
2026-05-07,588790.XSHG,科创AIETF博时,0.027152090798953532,0.4927024979999868,0.0048020438417171185,0.24637190919217922,normal,换仓,159949.XSHE,14927.024979999867,0.5249799998673552,15500,59.4139,False,
2026-05-08,159949.XSHE,创业板50ETF华安,-0.01493202766784707,0.47041342299998656,-0.005836127260223978,0.23909792411656539,normal,持有,159949.XSHE,14704.134229999865,136.13422999986506,8000,59.890750000000004,False,
2026-05-11,159949.XSHE,创业板50ETF华安,0.03645233317487229,0.5240134229999864,0.016406296503835405,0.2594269320569087,normal,换仓,159363.XSHE,15240.134229999865,136.13422999986506,8000,0.0,False,
2026-05-12,159363.XSHE,创业板人工智能ETF华宝,0.006655290463277952,0.5341561749999861,-0.0007653720637177397,0.2584630018668186,normal,持有,159363.XSHE,15341.56174999986,19.96174999986033,11200,61.77248000000001,False,
2026-05-13,159363.XSHE,创业板人工智能ETF华宝,0.04745279599712249,0.6069561749999861,0.010163599801942258,0.2712535161833438,normal,换仓,159915.XSHE,16069.56174999986,19.96174999986033,11200,0.0,False,
2026-05-14,159915.XSHE,创业板ETF易方达,-0.01979843663129166,0.575140954999986,-0.016753562182644566,0.24995549135006057,normal,持有,159915.XSHE,15751.40954999986,303.5095499998606,3900,64.8522,False,
2026-05-15,159915.XSHE,创业板ETF易方达,0.0022283719998887896,0.5786509549999861,-0.011193179505961881,0.23596451516091665,weak,换仓,513100.XSHG,15786.50954999986,303.5095499998606,3900,0.0,False,
2026-05-18,513100.XSHG,纳指ETF国泰,-0.017797810789656365,0.550554423999986,-0.00536465010422682,0.22933399799583798,weak,持有,513100.XSHG,15505.54423999986,10.54423999986102,7500,62.26531,False,
2026-05-19,513100.XSHG,纳指ETF国泰,-0.009190261095923802,0.5363044239999863,0.00400536255151529,0.2342579263547151,weak,换仓,511880.XSHG,15363.044239999863,10.54423999986102,7500,0.0,False,
2026-05-20,511880.XSHG,银华日利ETF,-0.008692050085511327,0.5229507889999858,-0.00044921778407880364,0.23370347574405637,weak,持有,511880.XSHG,15229.507889999857,5182.007889999857,100,53.03635,False,
2026-05-21,511880.XSHG,银华日利ETF,3.9397202085122984e-05,0.5230107889999855,-0.013936132929267875,0.21651042011078747,weak,换仓,159509.XSHE,15230.107889999856,5182.007889999857,100,0.0,False,
2026-05-22,159509.XSHE,纳指科技ETF景顺,0.009866148755168336,0.5380370399999856,0.0129623047814178,0.23227919894603422,weak,持有,159509.XSHE,15380.370399999856,85.77039999985573,5800,52.737489999999994,False,
2026-05-25,159509.XSHE,纳指科技ETF景顺,0.024888867435858497,0.5763170399999855,0.015789147798807024,0.25173583734758864,normal,持有,159509.XSHE,15763.170399999855,85.77039999985573,5800,0.0,False,
2026-05-26,159509.XSHE,纳指科技ETF景顺,-0.015453744000635816,0.5519570399999856,0.005333631339401901,0.25841213483831815,normal,换仓,515980.XSHG,15519.570399999857,85.77039999985573,5800,0.0,False,
2026-05-27,515980.XSHG,人工智能ETF华富,-6.941751428923837e-05,0.551849306999985,-0.008019644896268163,0.24832011638376006,normal,持有,515980.XSHG,15518.493069999851,33.993069999851286,13500,63.67733,False,
2026-05-28,515980.XSHG,人工智能ETF华富,0.021748245688394174,0.585599306999985,0.0012306012220439921,0.24985630064448405,normal,持有,515980.XSHG,15855.99306999985,33.993069999851286,13500,0.0,False,
2026-05-29,515980.XSHG,人工智能ETF华富,-0.03490793654843616,0.5302493069999852,-0.004495127395858112,0.24423803734657112,normal,换仓,513100.XSHG,15302.493069999851,33.993069999851286,13500,0.0,False,
2026-06-01,513100.XSHG,纳指ETF国泰,0.03478279242246396,0.583475650999985,-0.009783079728215904,0.23206555742633084,weak,持有,513100.XSHG,15834.75650999985,225.75650999984828,6600,61.43656,False,
2026-06-02,513100.XSHG,纳指ETF国泰,-0.009169702098564492,0.5689556509999847,0.014512020411786342,0.2499453179443607,weak,持有,513100.XSHG,15689.556509999848,225.75650999984828,6600,0.0,False,
2026-06-03,513100.XSHG,纳指ETF国泰,-0.0185091273813196,0.5399156509999847,0.0049343176194815985,0.2561129451500821,normal,持有,513100.XSHG,15399.156509999848,225.75650999984828,6600,0.0,False,
2026-06-04,513100.XSHG,纳指ETF国泰,-0.025287099312688355,0.500975650999985,-0.006896398120195046,0.24745029019639642,normal,持有,513100.XSHG,15009.75650999985,225.75650999984828,6600,0.0,False,
2026-06-05,513100.XSHG,纳指ETF国泰,-0.015389989827356954,0.47787565099998486,-0.017907130842550578,0.22511203463027196,weak,换仓,513520.XSHG,14778.756509999848,225.75650999984828,6600,0.0,False,
2026-06-08,513520.XSHG,日经ETF华夏,-0.01770468102799827,0.45171033399998484,-0.02144108683557122,0.19884430111246099,weak,换仓,511880.XSHG,14517.103339999849,9.103339999846867,6500,57.753170000000004,False,
2026-06-09,511880.XSHG,银华日利ETF,0.0143215340643843,0.47250105299998446,0.01870528933053861,0.22126903062703684,weak,持有,511880.XSHG,14725.010529999845,4673.610529999845,100,52.19281,False,
2026-06-10,511880.XSHG,银华日利ETF,2.0373499861836564e-05,0.47253105299998444,-0.011083320664499463,0.20773331434297493,weak,持有,511880.XSHG,14725.310529999844,4673.610529999845,100,0.0,False,
2026-06-11,511880.XSHG,银华日利ETF,4.074616958171795e-05,0.4725910529999844,-0.005513215501864788,0.2010748203122208,weak,持有,511880.XSHG,14725.910529999845,4673.610529999845,100,0.0,False,
2026-06-12,511880.XSHG,银华日利ETF,-4.074450939917096e-05,0.47253105299998444,0.011627537634385732,0.21504036298711426,weak,持有,511880.XSHG,14725.310529999844,4673.610529999845,100,0.0,False,
2026-06-15,511880.XSHG,银华日利ETF,1.3582056527461361e-05,0.47255105299998457,0.023944387229660302,0.2441337599381448,normal,换仓,513520.XSHG,14725.510529999847,4673.610529999845,100,0.0,False,
2026-06-16,513520.XSHG,日经ETF华夏,0.011574310422227452,0.48959481599998456,-0.0015291176296224895,0.24223133307221478,normal,持有,513520.XSHG,14895.948159999845,159.9481599998453,6000,51.762370000000004,False,
2026-06-17,513520.XSHG,日经ETF华夏,0.001208382293403476,0.4913948159999846,0.00965556495087272,0.25422577839270266,normal,持有,513520.XSHG,14913.948159999845,159.9481599998453,6000,0.0,False,
2026-06-18,513520.XSHG,日经ETF华夏,0.027759248963354688,0.5327948159999845,0.0020704101683297615,0.25682254019766826,normal,持有,513520.XSHG,15327.948159999845,159.9481599998453,6000,0.0,False,
2026-06-22,513520.XSHG,日经ETF华夏,0.030532462343609845,0.5795948159999846,0.023891047434029256,0.28684934712168797,normal,换仓,515880.XSHG,15795.948159999845,159.9481599998453,6000,0.0,False,
2026-06-23,515880.XSHG,通信ETF国泰,-0.04490930666614734,0.5086563079999846,-0.027723206697683134,0.25117375668265485,normal,换仓,159516.XSHE,15086.563079999847,16.96307999984674,16800,62.585080000000005,False,
2026-06-24,159516.XSHE,半导体设备ETF国泰,0.05999023470095799,0.5991609539999845,0.004803441077044113,0.257183696100024,normal,换仓,588220.XSHG,15991.609539999845,30.50953999984631,19300,60.65354000000001,False,
2026-06-25,588220.XSHG,科创100ETF鹏华,0.01281145650083193,0.6196485349999843,0.015593705872118724,0.2767878488842308,normal,持有,588220.XSHG,16196.485349999843,160.4853499998444,7600,64.72419,False,
2026-06-26,588220.XSHG,科创100ETF鹏华,-0.018300266606915416,0.5900085349999846,-0.03025437740284065,0.23815942744072616,weak,换仓,513520.XSHG,15900.085349999847,160.4853499998444,7600,0.0,False,
2026-06-29,513520.XSHG,日经ETF华夏,-0.02097150755231658,0.5566636589999847,0.012057795251652514,0.25308890030570974,weak,换仓,513310.XSHG,15566.636589999847,147.23658999984582,6200,63.248760000000004,False,
2026-06-30,513310.XSHG,中韩半导体ETF华泰柏瑞,0.0015230085100865765,0.5590344709999844,0.010657774025151667,0.2664440386385938,normal,换仓,159502.XSHE,15590.344709999843,210.2447099998426,2300,62.59188,False,
2026-07-01,159502.XSHE,标普生物科技ETF嘉实,-0.011184570530256122,0.5415973399999845,-0.004106895769194652,0.2612428849743871,normal,换仓,159667.XSHE,15415.973399999844,139.9733999998425,9500,62.571310000000004,False,
2026-07-02,159667.XSHE,工业母机ETF国泰,-0.02688550954557345,0.5001507099999842,-0.029578663354157375,0.2239370062719035,weak,换仓,513290.XSHG,15001.507099999842,21.907099999842103,17100,61.0663,False,
2026-07-03,513290.XSHG,纳指生物科技ETF汇添富,0.02767134776745217,0.5416619019999842,0.006207011200465518,0.23153399697849752,weak,换仓,513400.XSHG,15416.619019999842,159.11901999984184,8500,60.18808,False,
2026-07-06,513400.XSHG,道琼斯ETF鹏华,0.010986947253497137,0.5586000599999839,-3.510822627050825e-05,0.2314907600042717,weak,持有,513400.XSHG,15586.00059999984,104.8005999998386,11400,61.71842,False,
2026-07-07,513400.XSHG,道琼斯ETF鹏华,-0.010239958543309835,0.5426400599999839,-0.010272614622056975,0.2188401300161238,weak,持有,513400.XSHG,15426.400599999839,104.8005999998386,11400,0.0,False,
2026-07-08,513400.XSHG,道琼斯ETF鹏华,-0.0073899286655372265,0.5312400599999838,-0.007664442246455794,0.20949840023195243,weak,持有,513400.XSHG,15312.400599999839,104.8005999998386,11400,0.0,False,
2026-07-09,513400.XSHG,道琼斯ETF鹏华,-0.01563438720379373,0.5073000599999837,0.02539780003490688,0.24021699874358338,weak,换仓,159985.XSHE,15073.000599999838,104.8005999998386,11400,0.0,False,
2026-07-10,159985.XSHE,豆粕ETF华夏,-0.010601878434211676,0.49131984799998385,-0.019588582350178796,0.21592290593160302,weak,持有,159985.XSHE,14913.198479999839,119.59847999983867,6900,60.80212,False,
2026-07-13,159985.XSHE,豆粕ETF华夏,0.02868599922234827,0.5340998479999839,-0.017865248212115548,0.19420014141033803,weak,换仓,511880.XSHG,15340.998479999838,119.59847999983867,6900,0.0,False,
2026-07-14,511880.XSHG,银华日利ETF,0.0005288215112317918,0.5349111129999837,0.02153606310884304,0.21991851102034032,weak,换仓,159985.XSHE,15349.111129999837,5288.011129999837,100,53.087349999999994,False,
2026-07-15,159985.XSHE,豆粕ETF华夏,0.005979043295909703,0.5440884129999835,-0.0020264776399459006,0.21744637343520146,weak,持有,159985.XSHE,15440.884129999835,46.984129999835204,6900,53.027,False,
2026-07-16,159985.XSHE,豆粕ETF华夏,-0.037089845061871185,0.4868184129999835,-0.018457083885200398,0.19497586359497499,weak,换仓,159518.XSHE,14868.184129999836,46.984129999835204,6900,0.0,False,
2026-07-17,159518.XSHE,标普油气ETF嘉实,0.00249545873763668,0.4905287069999835,-0.0360396983673269,0.15190929391477614,weak,持有,159518.XSHE,14905.287069999835,55.287069999834785,13200,60.69705999999999,False,
2026-07-20,159518.XSHE,标普油气ETF嘉实,0.06641938497062516,0.5895287069999835,0.015283389635909916,0.16951437247890144,weak,换仓,511880.XSHG,15895.287069999835,55.287069999834785,13200,0.0,False,
2026-07-21,511880.XSHG,银华日利ETF,-0.03325055330378546,0.5366759979999833,0.03064380034447356,0.2053527374091373,weak,换仓,501018.XSHG,15366.759979999833,5303.959979999834,100,53.22709,False,
2026-07-22,501018.XSHG,南方原油LOF,-0.011742250170813429,0.518631963999983,-0.004639994260670965,0.1997599076254748,weak,换仓,159985.XSHE,15186.31963999983,176.9196399998309,7100,52.840340000000005,False,
2026-07-23,159985.XSHE,豆粕ETF华夏,0.023068839475579583,0.5536650409999828,0.002280994819004345,0.2024965537588177,weak,持有,159985.XSHE,15536.650409999827,59.95040999982848,6900,62.66923,False,
2026-07-24,159985.XSHE,豆粕ETF华夏,0.020873225015816343,0.5860950409999828,-0.01666878172588837,0.18245240117807904,weak,持有,159985.XSHE,15860.950409999828,59.95040999982848,6900,0.0,False,
2026-07-27,159985.XSHE,豆粕ETF华夏,-0.01566110438397128,0.5612550409999828,0.011451457135544185,0.195993204164991,weak,持有,159985.XSHE,15612.550409999829,59.95040999982848,6900,0.0,False,
2026-07-28,159985.XSHE,豆粕ETF华夏,-0.05877963407005016,0.4694850409999829,-0.028264110257887887,0.16218952037478718,weak,换仓,513030.XSHG,14694.850409999828,59.95040999982848,6900,0.0,False,
2026-07-29,513030.XSHG,德国ETF华安,0.00032853549817124517,0.46996781899998274,0.006727183599152697,0.17000778265535965,weak,换仓,159980.XSHE,14699.678189999828,29.878189999828464,8200,59.87222,False,
2026-07-30,159980.XSHE,有色ETF大成,-0.008915513544313969,0.4568623009999828,-0.01098633555494688,0.15715368455320844,weak,换仓,159518.XSHE,14568.623009999828,71.72300999982872,6900,59.95518,False,
2026-07-31,159518.XSHE,标普油气ETF嘉实,0.004125574528131226,0.46287269499998285,0.008457663328732323,0.1669405008367617,weak,换仓,159980.XSHE,14628.72694999983,3.7269499998292304,12500,59.79606,False,
2026-08-03,159980.XSHE,有色ETF大成,-0.011659849868207561,0.445815818999983,-0.009812126759949358,0.1554903327212327,weak,持有,159980.XSHE,14458.15818999983,21.758189999827664,6800,59.16876,False,
2026-08-04,159980.XSHE,有色ETF大成,0.007054840503166515,0.4560158189999828,0.012711360764926738,0.17017818720083744,weak,换仓,159518.XSHE,14560.158189999827,21.758189999827664,6800,0.0,False,
2026-08-05,159518.XSHE,标普油气ETF嘉实,-0.013127151333512166,0.43690247899998225,0.012436616075445439,0.18473124405491492,normal,换仓,512690.XSHG,14369.024789999823,96.6247899998234,12400,59.133399999999995,False,
2026-08-06,512690.XSHG,酒ETF鹏华,-0.033119004731009594,0.38931369899998236,-0.0014683941049556948,0.18299159168018786,normal,持有,512690.XSHG,13893.136989999824,5.136989999824436,32000,57.48780000000001,False,
2026-08-07,512690.XSHG,酒ETF鹏华,0.002303295506481673,0.39251369899998245,0.009272656520420863,0.19396106637638422,normal,换仓,517520.XSHG,13925.136989999824,5.136989999824436,32000,0.0,False,
2026-08-10,517520.XSHG,黄金股ETF永赢,0.022933749249959945,0.4244492589999824,0.0016146760849005126,0.19588892675656444,normal,换仓,512690.XSHG,14244.492589999823,119.9925899998234,6500,57.144400000000005,False,
2026-08-11,512690.XSHG,酒ETF鹏华,-0.00039807384953671754,0.42388222299998257,-0.008130548147392114,0.18616569425863716,normal,持有,512690.XSHG,14238.822229999825,38.62222999982441,32200,58.57036000000001,False,
2026-08-12,512690.XSHG,酒ETF鹏华,0.011307114970561916,0.4399822229999826,0.005817157290529895,0.19306580667477014,normal,持有,512690.XSHG,14399.822229999825,38.62222999982441,32200,0.0,False,
2026-08-13,512690.XSHG,酒ETF鹏华,0.006708416149662444,0.4496422229999826,-0.005749405233941407,0.18620638788143773,normal,换仓,513360.XSHG,14496.422229999826,38.62222999982441,32200,0.0,False,
2026-08-14,513360.XSHG,教育ETF博时,-0.00407754196602228,0.44373124599998226,0.0004138123264616489,0.1866972547064707,normal,持有,513360.XSHG,14437.312459999823,7.012459999821658,30900,59.109770000000005,False,
